Material,Hardness,Density,Temperature,Load,Speed,WearRate,FrictionCoefficient
Steel,65.5,7.72,690,133,269,0.7171,1.0
Brass,46.03,8.66,181,49,701,0.209,0.8524
Aluminum,53.07,2.66,31,161,883,0.2051,1.0
Ceramic,99.44,3.98,154,52,899,0.0935,0.4083
Bronze,65.66,8.88,478,107,427,0.318,1.0
CastIron,87.24,7.3,113,142,996,0.0524,1.0
PTFE,7.21,2.25,405,71,695,0.8931,1.0
Brass,55.45,8.58,706,128,697,0.4038,1.0
Aluminum,41.51,2.78,397,193,516,0.5788,1.0
Brass,46.55,8.32,142,5,294,0.0377,0.3728
Tungsten,94.65,19.35,201,113,644,0.0707,0.9867
PTFE,8.5,2.17,28,97,841,0.1829,1.0
Inconel,87.05,8.44,544,75,900,0.1506,0.6911
Aluminum,49.54,2.61,192,27,517,0.2124,0.6429
Aluminum,44.51,2.66,739,171,122,3.0177,1.0
Aluminum,57.47,2.69,389,89,351,0.2685,1.0
Copper,37.64,8.91,197,104,453,0.3004,1.0
Copper,38.01,8.89,367,7,236,0.1693,0.249
Tungsten,96.97,19.36,372,200,938,0.1663,1.0
CastIron,88.22,7.16,42,192,273,0.2321,1.0
Graphite,24.71,1.87,614,83,312,0.8773,1.0
Bronze,66.56,8.72,613,144,718,0.2507,1.0
CastIron,74.07,7.19,368,163,747,0.2058,1.0
Magnesium,32.89,1.73,679,192,348,1.5638,1.0
Inconel,96.74,8.31,296,100,953,0.2218,0.8053
Aluminum,40.61,2.76,752,69,202,0.9522,1.0
Steel,69.03,7.82,38,189,657,0.1018,1.0
Copper,48.92,8.82,313,189,981,0.2065,1.0
Steel,82.04,7.77,329,142,621,0.278,1.0
CastIron,83.68,7.22,760,7,933,0.1824,0.2689
Magnesium,38.35,1.6,504,71,949,0.2858,1.0
Steel,74.14,7.73,514,95,678,0.24,1.0
Inconel,81.06,8.12,35,13,529,0.1348,0.398
Inconel,94.36,8.11,644,95,222,0.5575,0.7725
Brass,56.77,8.63,315,127,896,0.221,1.0
Steel,71.4,7.86,251,51,872,0.0423,0.757
PTFE,14.87,2.26,89,45,219,0.1739,1.0
Nickel,68.89,8.76,455,150,577,0.2583,1.0
Zinc,33.96,7.15,613,71,766,0.3599,1.0
PTFE,13.09,2.27,418,42,677,0.4023,1.0
Brass,54.73,8.48,523,155,71,2.7668,1.0
Aluminum,42.45,2.66,669,109,503,0.5288,1.0
Tungsten,97.3,19.34,668,92,104,0.8233,0.8829
Bronze,71.65,8.68,419,87,508,0.2783,0.9509
Bronze,70.36,8.74,531,29,975,0.0646,0.3501
Ceramic,94.48,3.86,438,24,471,0.1503,0.2981
Graphite,23.39,2.13,470,16,90,0.4779,0.5487
Magnesium,34.66,1.77,663,46,450,0.3945,0.9505
Tungsten,96.74,19.34,667,38,940,0.1866,0.5775
Tungsten,92.57,19.29,544,151,925,0.1666,1.0
CastIron,78.77,7.37,689,143,527,0.386,1.0
Graphite,22.35,1.89,775,148,566,1.3108,1.0
Nickel,70.76,8.76,761,169,998,0.3562,1.0
PTFE,6.08,2.22,176,105,863,0.5347,1.0
Inconel,94.48,8.13,781,97,182,0.6269,0.7827
Ceramic,87.3,3.61,183,180,299,0.305,1.0
PTFE,10.3,2.15,174,51,812,0.2123,1.0
Titanium,79.99,4.59,26,41,736,0.1462,0.6141
Bronze,62.43,8.64,323,100,479,0.1528,1.0
Aluminum,48.61,2.67,79,108,214,0.1207,1.0
Zinc,33.31,7.16,549,138,203,1.5347,1.0
PTFE,14.8,2.19,324,5,719,0.0346,0.3961
PTFE,12.32,2.17,772,37,836,0.4581,1.0
Copper,46.65,8.87,748,131,618,0.619,1.0
Inconel,93.36,8.19,423,17,315,0.2277,0.3354
Tungsten,90.53,19.03,248,133,188,0.3587,1.0
Aluminum,43.1,2.79,768,19,872,0.1789,0.5562
Zinc,36.38,7.03,771,126,161,2.2381,1.0
Nickel,77.17,8.74,494,153,370,0.4376,1.0
Nickel,68.87,8.81,633,115,731,0.1913,1.0
Tungsten,94.33,19.23,691,160,798,0.2854,1.0
Brass,58.88,8.35,218,186,634,0.2326,1.0
Tungsten,91.23,19.04,405,172,673,0.2392,1.0
PTFE,14.74,2.28,693,62,521,0.8235,1.0
Inconel,93.94,8.45,111,189,332,0.1643,1.0
Inconel,80.28,8.21,768,142,218,0.8577,1.0
Aluminum,53.1,2.78,461,146,638,0.3482,1.0
Copper,43.06,8.97,652,71,385,0.5219,1.0
Steel,76.01,7.71,734,166,954,0.3527,1.0
Bronze,74.19,8.85,119,75,942,0.1699,0.9361
Aluminum,50.27,2.74,598,166,446,0.5742,1.0
Bronze,71.88,8.83,210,54,682,0.2151,0.7379
Nickel,78.82,8.86,138,102,543,0.2256,1.0
Inconel,95.93,8.11,467,70,171,0.4035,0.5554
Inconel,90.57,8.15,213,190,135,0.4918,1.0
Inconel,90.11,8.25,68,186,981,0.0595,1.0
Nickel,72.56,8.89,43,13,646,0.0252,0.4014
Zinc,27.8,7.05,757,133,100,4.6278,1.0
Magnesium,34.45,1.8,92,132,902,0.1109,1.0
Ceramic,99.86,3.79,300,7,78,0.2043,0.2633
Tungsten,99.04,19.04,767,177,706,0.2542,1.0
Tungsten,95.81,19.09,500,155,481,0.3175,1.0
PTFE,9.55,2.3,535,49,132,2.6702,1.0
Zinc,25.49,7.13,561,131,218,1.8029,1.0
Nickel,64.39,8.87,434,116,825,0.1532,1.0
Aluminum,40.4,2.66,402,118,295,0.625,1.0
Titanium,88.11,4.45,345,5,472,0.1732,0.2715
Steel,77.26,7.76,370,185,196,0.5967,1.0
Brass,53.97,8.56,748,55,990,0.2199,0.8381
Titanium,88.22,4.6,649,162,545,0.2873,1.0
Tungsten,98.15,19.38,81,40,117,0.2095,0.4262
Graphite,18.4,1.87,613,195,354,2.4154,1.0
PTFE,8.38,2.28,514,56,801,0.5712,1.0
Ceramic,95.59,3.75,626,89,883,0.1081,0.6921
Nickel,79.65,8.78,735,147,120,1.57,1.0
Steel,76.73,7.86,789,146,594,0.3876,1.0
Nickel,69.18,8.74,743,37,630,0.2777,0.6466
PTFE,13.73,2.12,478,52,537,0.5265,1.0
Aluminum,48.58,2.64,468,157,888,0.2654,1.0
Zinc,28.78,7.07,598,151,741,0.6482,1.0
CastIron,76.37,7.4,496,110,800,0.2611,1.0
Inconel,80.18,8.18,147,175,460,0.2506,1.0
Copper,35.26,8.8,783,109,975,0.382,1.0
Ceramic,97.31,3.84,327,139,812,0.1881,1.0
PTFE,6.33,2.26,348,137,651,1.4778,1.0
Tungsten,92.16,19.0,436,146,871,0.1596,1.0
Titanium,78.66,4.6,539,149,981,0.2647,1.0
Brass,62.81,8.57,248,152,752,0.1254,1.0
Nickel,67.97,8.82,180,114,928,0.1439,1.0
Magnesium,33.27,1.8,160,36,106,0.2237,0.9536
Tungsten,99.67,19.25,138,155,177,0.2961,1.0
Inconel,84.21,8.19,113,114,569,0.0648,1.0
Magnesium,40.84,1.72,532,80,77,1.7425,1.0
Copper,36.29,8.87,380,132,401,0.5839,1.0
Magnesium,38.09,1.81,644,157,949,0.5222,1.0
Graphite,22.27,2.11,371,175,341,1.2416,1.0
Inconel,94.23,8.17,779,41,639,0.2278,0.5349
Titanium,78.33,4.4,592,141,108,1.4198,1.0
PTFE,12.87,2.23,169,167,752,0.4755,1.0
CastIron,87.45,7.06,283,31,81,0.2513,0.3346
Magnesium,34.54,1.61,416,20,440,0.1179,0.6866
Graphite,14.83,2.05,668,61,129,2.7221,1.0
Nickel,76.69,8.84,575,138,163,0.8553,1.0
Steel,75.94,7.79,35,134,857,0.0498,1.0
Bronze,72.64,8.63,704,173,373,0.6269,1.0
Tungsten,95.04,19.23,92,133,933,0.1163,1.0
Steel,65.38,7.86,704,63,785,0.178,0.927
PTFE,14.17,2.26,469,158,633,1.1397,1.0
Aluminum,51.29,2.69,751,71,764,0.1871,1.0
Nickel,71.74,8.76,642,136,986,0.3443,1.0
Inconel,89.53,8.45,348,142,267,0.2734,1.0
Brass,60.96,8.42,465,156,264,0.7083,1.0
Aluminum,52.78,2.71,480,60,858,0.2568,0.8486
Graphite,12.3,1.82,373,159,553,1.203,1.0
Aluminum,46.2,2.64,118,34,980,0.0909,0.8263
Inconel,97.21,8.41,83,9,53,0.1536,0.1284
Zinc,35.98,7.08,109,54,156,0.151,1.0
Copper,36.03,8.84,449,117,158,1.1812,1.0
Aluminum,45.59,2.79,399,84,133,0.7454,1.0
Graphite,11.46,2.02,638,144,336,3.169,1.0
Titanium,88.74,4.51,311,65,929,0.0615,0.5444
CastIron,77.48,7.11,295,130,228,0.3768,1.0
Copper,46.34,8.95,193,193,813,0.2066,1.0
Bronze,58.02,8.75,196,11,779,0.0799,0.2306
Aluminum,59.84,2.63,206,119,259,0.2529,1.0
Brass,53.86,8.32,387,134,198,0.7421,1.0
Steel,77.22,7.84,414,150,244,0.4792,1.0
Steel,76.59,7.88,411,13,651,0.092,0.2399
Bronze,72.25,8.7,360,152,949,0.2945,1.0
Zinc,36.36,7.13,390,139,798,0.281,1.0
Titanium,86.69,4.46,96,38,919,0.1104,0.483
Copper,50.29,8.87,252,72,875,0.2471,1.0
Steel,67.16,7.75,610,85,605,0.2917,1.0
Ceramic,92.23,3.57,727,15,633,0.2105,0.3388
Nickel,63.75,8.72,106,122,121,0.3185,1.0
Aluminum,48.34,2.65,54,43,737,0.0457,0.661
Copper,44.88,8.99,406,92,475,0.3851,1.0
Zinc,27.71,7.2,101,171,84,0.9985,1.0
Ceramic,96.68,3.66,280,185,307,0.2595,1.0
Inconel,83.13,8.17,173,49,592,0.0487,0.6444
Steel,65.56,7.88,280,149,258,0.4897,1.0
PTFE,14.19,2.22,442,70,638,0.442,1.0
Nickel,70.61,8.78,382,50,919,0.1988,0.8096
Nickel,67.29,8.75,266,43,195,0.305,0.6169
Zinc,25.86,7.08,478,175,141,2.9667,1.0
PTFE,5.94,2.25,729,154,559,4.3612,1.0
PTFE,5.14,2.23,67,87,102,1.5145,1.0
Graphite,18.02,1.87,434,44,230,0.7758,1.0
PTFE,13.0,2.12,521,155,461,1.8417,1.0
Copper,41.49,8.94,492,138,796,0.4343,1.0
CastIron,89.55,7.13,766,98,294,0.4728,0.8863
Brass,45.76,8.61,545,102,602,0.2906,1.0
Ceramic,99.25,3.91,165,200,463,0.2313,1.0
Titanium,80.68,4.6,488,27,583,0.084,0.503
Titanium,76.3,4.47,118,95,138,0.1819,0.9052
Bronze,73.57,8.61,146,60,667,0.0408,0.6332
Aluminum,50.95,2.7,86,94,132,0.2458,1.0
Inconel,90.72,8.13,551,138,788,0.2782,1.0
PTFE,13.77,2.28,259,107,941,0.4533,1.0
Ceramic,87.03,3.94,210,59,131,0.2309,0.7028
Zinc,36.28,7.18,475,88,531,0.3462,1.0
PTFE,13.28,2.28,398,16,149,0.4242,1.0
Aluminum,49.35,2.76,446,20,239,0.171,0.5085
Tungsten,96.24,19.26,188,172,281,0.1901,1.0
Bronze,62.07,8.69,783,78,815,0.2634,1.0
Nickel,66.71,8.73,545,102,649,0.2536,1.0
PTFE,12.03,2.28,92,173,589,0.291,1.0
Tungsten,95.77,19.25,311,185,287,0.451,1.0
Graphite,22.77,2.11,787,105,558,0.9414,1.0
Graphite,22.03,2.0,120,130,591,0.1878,1.0
Steel,81.56,7.79,659,149,900,0.3331,1.0
PTFE,6.78,2.17,624,189,435,5.0343,1.0
Brass,60.35,8.5,630,87,931,0.2709,1.0
Bronze,52.21,8.79,257,163,724,0.1713,1.0
Inconel,89.7,8.49,199,138,685,0.1193,1.0
Magnesium,37.72,1.84,414,171,200,1.3122,1.0
Bronze,70.75,8.84,705,95,530,0.237,1.0
Brass,48.11,8.37,783,50,151,0.7353,0.8297
Ceramic,88.71,3.82,55,14,697,0.0826,0.195
Zinc,37.11,7.01,597,191,617,0.6495,1.0
Brass,54.34,8.67,580,159,670,0.4117,1.0
Copper,50.91,8.93,431,106,291,0.432,1.0
Bronze,66.05,8.66,324,42,217,0.2919,0.5698
Aluminum,45.04,2.79,722,144,523,0.5718,1.0
Zinc,28.64,7.05,551,68,615,0.4492,1.0
PTFE,7.51,2.21,98,24,656,0.198,1.0
PTFE,7.41,2.26,338,95,860,0.8148,1.0
PTFE,8.53,2.14,234,162,111,5.1802,1.0
Aluminum,47.21,2.62,652,72,968,0.328,1.0
Tungsten,92.3,19.3,122,5,388,0.1034,0.1274
Zinc,32.24,7.13,125,137,434,0.3252,1.0
Nickel,79.45,8.86,270,28,145,0.25,0.2976
Zinc,33.32,7.13,145,64,957,0.1939,1.0
Steel,66.67,7.71,683,17,172,0.2913,0.3866
Bronze,67.12,8.74,154,64,201,0.1338,0.7414
Bronze,51.79,8.76,402,54,458,0.1335,0.7692
Steel,81.88,7.85,293,13,947,0.1927,0.3833
Magnesium,37.15,1.85,586,139,362,0.8798,1.0
Ceramic,94.99,3.95,326,41,98,0.2167,0.4413
Steel,71.51,7.74,634,129,300,0.5037,1.0
Graphite,12.13,1.89,452,63,973,0.4712,1.0
CastIron,81.28,7.09,104,139,455,0.0644,1.0
Ceramic,95.6,3.91,158,129,472,0.2112,1.0
Brass,63.07,8.37,660,189,593,0.4496,1.0
Brass,47.11,8.3,661,168,230,1.4422,1.0
Tungsten,95.99,19.24,576,61,506,0.1959,0.5646
Titanium,81.58,4.55,711,177,588,0.5082,1.0
CastIron,81.51,7.04,273,115,200,0.3771,1.0
Inconel,94.84,8.14,515,146,499,0.2374,1.0
PTFE,11.42,2.11,178,54,371,0.358,1.0
Brass,47.58,8.43,790,177,465,0.9275,1.0
Bronze,66.29,8.61,589,120,615,0.2874,1.0
Nickel,70.29,8.8,235,75,419,0.0871,1.0
Copper,49.07,8.81,380,14,96,0.211,0.3934
Brass,47.87,8.65,794,171,397,0.9523,1.0
Magnesium,42.77,1.65,389,72,172,0.5783,1.0
Aluminum,45.37,2.6,181,102,502,0.3013,1.0
Bronze,63.14,8.72,490,178,781,0.4123,1.0
Zinc,29.72,7.18,506,65,946,0.3239,1.0
Nickel,63.97,8.76,600,151,541,0.3916,1.0
Brass,48.7,8.69,337,104,591,0.17,1.0
Inconel,89.92,8.27,171,72,663,0.1624,0.8202
Ceramic,85.34,3.52,308,70,634,0.2114,0.8557
Copper,46.05,8.93,80,18,675,0.1744,0.5554
Ceramic,85.59,3.97,349,141,582,0.1403,1.0
Steel,65.86,7.85,535,74,198,0.5758,0.9352
Zinc,37.87,7.02,731,140,863,0.4551,1.0
Titanium,77.91,4.49,635,12,902,0.1045,0.3177
CastIron,85.81,7.1,362,118,799,0.2735,1.0
Brass,46.36,8.54,459,164,469,0.4923,1.0
Ceramic,94.45,3.58,738,167,769,0.3137,1.0
Steel,69.28,7.75,724,100,927,0.3313,1.0
Aluminum,46.13,2.75,635,12,204,0.1377,0.2344
Brass,52.88,8.66,26,114,518,0.2004,1.0
CastIron,74.09,7.22,670,175,484,0.4658,1.0
Tungsten,99.68,19.13,455,41,718,0.1709,0.53
Ceramic,98.11,3.59,267,194,859,0.2411,1.0
Copper,41.3,8.94,379,131,962,0.3019,1.0
Aluminum,52.23,2.69,492,40,58,0.9613,0.7135
Nickel,72.18,8.79,416,91,55,1.3274,0.8953
Tungsten,96.26,19.09,678,120,545,0.2076,0.9512
Zinc,34.99,7.06,597,7,158,0.2804,0.1962
Tungsten,95.34,19.25,59,109,449,0.2117,1.0
Tungsten,94.11,19.05,728,30,468,0.0832,0.3132
Tungsten,94.04,19.25,138,161,769,0.0792,1.0
Nickel,60.09,8.83,28,80,756,0.0827,1.0
Aluminum,59.16,2.6,332,42,470,0.1528,0.7788
Zinc,30.18,7.08,34,175,598,0.1606,1.0
Magnesium,43.39,1.71,250,95,515,0.3298,1.0
Brass,60.23,8.51,202,174,517,0.2001,1.0
PTFE,8.76,2.19,553,94,149,5.1189,1.0
Tungsten,99.84,19.25,624,18,540,0.2064,0.4645
Steel,68.65,7.71,155,181,825,0.2261,1.0
Magnesium,38.44,1.77,177,12,123,0.191,0.4475
Steel,67.0,7.82,659,53,594,0.2928,0.6801
Magnesium,44.09,1.6,640,164,840,0.5319,1.0
Bronze,73.2,8.73,430,35,802,0.1769,0.6194
Tungsten,90.73,19.08,264,60,231,0.2616,0.7009
CastIron,89.65,7.27,405,145,122,0.6882,1.0
Graphite,23.42,2.04,76,168,509,0.1954,1.0
Zinc,34.06,7.0,260,118,811,0.1881,1.0
CastIron,84.01,7.25,757,163,837,0.3801,1.0
Ceramic,88.87,3.75,260,171,510,0.2671,1.0
Copper,41.04,8.85,45,65,213,0.1715,1.0
Ceramic,92.94,3.73,451,130,138,0.5851,0.9889
Graphite,24.22,1.94,186,154,91,1.6583,1.0
Copper,39.2,8.9,227,129,652,0.3054,1.0
PTFE,5.01,2.24,496,102,794,1.7398,1.0
CastIron,70.82,7.02,274,185,78,1.2711,1.0
Steel,69.84,7.77,156,200,464,0.1312,1.0
Magnesium,34.13,1.72,41,109,761,0.0781,1.0
CastIron,75.87,7.05,339,148,995,0.1986,1.0
Nickel,79.73,8.83,678,72,672,0.1711,0.7991
Steel,77.48,7.71,43,192,317,0.141,1.0
Copper,35.99,8.97,780,134,235,1.7209,1.0
Copper,36.46,8.86,769,104,798,0.4676,1.0
Brass,49.14,8.64,417,194,80,2.7121,1.0
Inconel,86.11,8.37,106,27,592,0.1239,0.4739
PTFE,6.25,2.28,269,106,604,1.1103,1.0
Bronze,61.66,8.73,454,157,252,0.6537,1.0
Brass,59.85,8.5,558,20,860,0.147,0.5113
Titanium,86.11,4.41,430,99,707,0.2777,0.9839
Inconel,88.44,8.12,204,30,658,0.122,0.2835
Ceramic,97.95,3.94,420,10,736,0.1929,0.2257
Bronze,69.28,8.86,53,115,423,0.1033,1.0
PTFE,6.02,2.17,416,156,508,2.7441,1.0
Graphite,11.12,2.12,322,171,989,0.6649,1.0
Copper,45.93,8.92,624,178,585,0.6437,1.0
Zinc,34.41,7.18,377,199,861,0.3929,1.0
PTFE,5.62,2.28,390,110,722,1.4872,1.0
PTFE,14.92,2.21,126,108,408,0.3798,1.0
PTFE,14.28,2.19,128,51,279,0.2726,1.0
Magnesium,39.59,1.79,746,10,539,0.1671,0.4963
CastIron,75.33,7.17,656,154,897,0.3332,1.0
Titanium,84.03,4.6,765,185,214,1.1184,1.0
Inconel,87.15,8.32,361,184,963,0.113,1.0
Graphite,11.23,1.98,440,27,567,0.3551,1.0
Steel,74.11,7.87,54,99,579,0.1827,1.0
PTFE,12.0,2.23,667,197,717,2.058,1.0
Nickel,66.73,8.9,183,40,455,0.0644,0.6772
Graphite,23.9,1.83,48,86,875,0.0798,1.0
Aluminum,48.86,2.66,196,143,195,0.3787,1.0
Magnesium,37.8,1.74,694,80,498,0.4082,1.0
CastIron,76.95,7.23,652,55,367,0.2908,0.5791
Nickel,74.94,8.71,422,44,748,0.0851,0.4938
PTFE,6.41,2.24,94,128,868,0.3889,1.0
CastIron,79.66,7.32,56,66,557,0.0212,0.6245
Brass,49.45,8.52,628,151,596,0.4429,1.0
Zinc,27.92,7.13,371,194,449,0.7854,1.0
PTFE,6.14,2.18,477,63,766,0.9443,1.0
Inconel,93.92,8.12,107,165,724,0.1809,1.0
Nickel,72.52,8.72,635,110,151,0.9958,1.0
Brass,49.77,8.42,243,50,840,0.161,1.0
Aluminum,45.76,2.65,217,152,190,0.6391,1.0
Zinc,38.35,7.19,546,35,559,0.2981,0.7967
Brass,61.71,8.63,352,197,699,0.3743,1.0
Zinc,25.24,7.06,71,31,701,0.0499,1.0
Bronze,61.01,8.73,442,86,181,0.4844,1.0
Magnesium,38.45,1.65,106,150,413,0.1443,1.0
Graphite,22.14,1.94,575,72,95,2.6314,1.0
Steel,81.32,7.8,652,84,661,0.1988,0.9595
Aluminum,45.0,2.77,617,80,783,0.281,1.0
Titanium,76.3,4.49,429,98,670,0.1315,1.0
Tungsten,96.13,19.38,654,185,880,0.2606,1.0
Nickel,67.75,8.73,431,132,247,0.6228,1.0
Graphite,14.64,1.8,155,72,89,1.1004,1.0
Ceramic,94.34,3.86,271,22,803,0.1266,0.3169
Tungsten,97.68,19.09,749,171,472,0.4868,1.0
Brass,48.8,8.53,230,109,676,0.1089,1.0
Zinc,25.17,7.11,457,136,640,0.6731,1.0
CastIron,81.97,7.2,550,131,967,0.2015,1.0
Nickel,63.41,8.8,152,30,256,0.1081,0.3667
Zinc,26.27,7.18,507,32,575,0.3217,1.0
CastIron,75.58,7.23,668,41,147,0.48,0.5707
Bronze,63.55,8.73,284,96,971,0.2221,1.0
PTFE,12.35,2.15,468,179,853,1.1377,1.0
Tungsten,99.2,19.08,679,84,579,0.2141,0.891
Copper,51.72,8.84,633,200,578,0.6236,1.0
PTFE,7.23,2.22,610,107,526,2.1768,1.0
Copper,37.72,9.0,440,136,480,0.5483,1.0
Magnesium,35.36,1.89,758,87,625,0.4341,1.0
Ceramic,99.39,3.6,677,38,423,0.2574,0.5637
Ceramic,95.76,3.5,347,167,828,0.2263,1.0
Tungsten,93.38,19.37,716,74,212,0.4088,0.692
PTFE,8.1,2.27,492,68,360,1.5849,1.0
Bronze,68.36,8.83,499,117,764,0.2118,1.0
CastIron,75.89,7.07,56,165,616,0.0356,1.0
Brass,57.64,8.66,460,136,500,0.3591,1.0
Magnesium,42.73,1.84,777,91,103,2.0527,1.0
Graphite,22.99,2.19,641,178,515,1.379,1.0
Nickel,71.97,8.76,337,41,906,0.1279,0.7251
Zinc,32.3,7.11,559,94,71,2.8803,1.0
Magnesium,38.85,1.63,321,129,965,0.2256,1.0
Copper,42.82,8.96,49,29,532,0.0331,0.6766
CastIron,88.84,7.31,577,149,853,0.1734,1.0
Tungsten,97.73,19.11,590,110,757,0.1485,0.8913
Inconel,95.96,8.2,356,28,164,0.2624,0.327
Tungsten,91.42,19.19,513,22,564,0.1321,0.4918
Steel,68.65,7.78,305,77,720,0.1185,1.0
Tungsten,91.83,19.38,738,50,778,0.231,0.5276
PTFE,11.44,2.18,662,34,459,0.6026,1.0
Nickel,74.32,8.75,389,133,481,0.3144,1.0
PTFE,11.18,2.17,364,87,195,1.9397,1.0
Magnesium,30.92,1.73,331,104,670,0.3794,1.0
Magnesium,34.44,1.63,627,56,320,0.4546,1.0
Bronze,61.87,8.75,579,121,748,0.2551,1.0
Zinc,39.55,7.16,495,170,790,0.4996,1.0
Nickel,78.45,8.81,80,154,598,0.1683,1.0
PTFE,9.66,2.18,214,132,862,0.5234,1.0
PTFE,9.05,2.24,343,33,448,0.3962,1.0
Inconel,89.75,8.15,131,167,587,0.2076,1.0
Steel,80.77,7.84,190,6,493,0.0574,0.3839
PTFE,12.54,2.27,548,163,828,1.2702,1.0
Inconel,92.43,8.21,680,174,447,0.4806,1.0
PTFE,8.71,2.17,33,6,799,0.1903,0.54
Copper,35.01,8.93,399,197,624,0.5759,1.0
PTFE,13.73,2.25,779,130,779,1.257,1.0
Zinc,34.91,7.04,503,93,297,0.5851,1.0
Brass,58.11,8.59,526,81,282,0.4402,1.0
Nickel,65.33,8.81,578,149,915,0.2769,1.0
Zinc,25.4,7.08,710,58,780,0.3729,1.0
Tungsten,91.24,19.24,195,69,171,0.2497,0.6336
Ceramic,89.31,3.83,728,168,945,0.2539,1.0
Magnesium,31.6,1.64,559,48,884,0.3106,1.0
Titanium,78.27,4.54,299,149,647,0.2886,1.0
Inconel,82.27,8.25,564,118,411,0.4217,1.0
Brass,61.97,8.68,112,155,537,0.2312,1.0
Aluminum,43.91,2.67,612,104,994,0.3444,1.0
Zinc,35.3,7.05,613,118,451,0.6808,1.0
Titanium,77.25,4.4,453,73,410,0.1912,0.728
Bronze,52.38,8.83,685,8,343,0.1383,0.2411
Graphite,13.65,2.1,423,62,863,0.4051,1.0
Tungsten,99.15,19.26,290,188,339,0.2176,1.0
CastIron,75.32,7.3,203,113,801,0.2415,1.0
Graphite,16.72,1.93,379,200,920,0.7503,1.0
Inconel,86.53,8.48,350,166,990,0.212,1.0
Copper,47.96,8.92,127,168,872,0.0943,1.0
Titanium,76.22,4.41,163,140,799,0.1007,1.0
Copper,53.06,8.81,146,37,1000,0.1752,0.5842
Ceramic,87.61,3.89,380,44,182,0.2673,0.4721
Bronze,62.3,8.79,307,63,167,0.2818,0.7585
Steel,71.99,7.79,74,122,917,0.1046,1.0
Ceramic,87.94,3.68,683,132,139,1.0062,1.0
Brass,59.72,8.32,487,197,296,0.8707,1.0
Steel,66.88,7.79,105,85,929,0.1627,1.0
Magnesium,40.25,1.62,579,196,794,0.5596,1.0
Zinc,35.74,7.17,571,139,392,0.7261,1.0
Zinc,38.79,7.08,120,136,163,0.4436,1.0
Brass,55.46,8.37,596,143,749,0.4511,1.0
Copper,46.35,8.83,115,79,120,0.218,1.0
Nickel,73.16,8.88,582,116,281,0.5045,1.0
Copper,35.47,8.93,383,132,529,0.3503,1.0
Steel,69.87,7.88,384,120,922,0.2357,1.0
Magnesium,40.38,1.61,765,190,291,1.6359,1.0
Tungsten,90.95,19.35,451,164,770,0.2049,1.0
Ceramic,93.19,3.83,685,127,701,0.2018,1.0
Inconel,88.31,8.45,416,115,788,0.1529,1.0
Titanium,81.94,4.55,524,125,143,0.7717,1.0
Magnesium,35.72,1.69,100,23,976,0.1437,0.5023
CastIron,88.26,7.23,419,200,380,0.4591,1.0
Titanium,80.83,4.46,773,99,922,0.1813,1.0
Magnesium,33.93,1.66,401,38,146,0.4897,0.9219
CastIron,79.79,7.31,89,77,246,0.0656,0.9392
Graphite,16.15,2.05,296,8,988,0.0841,0.4935
Inconel,88.8,8.46,366,57,578,0.1246,0.4847
Tungsten,91.84,19.33,476,52,905,0.1154,0.4334
PTFE,13.8,2.11,56,153,322,0.2736,1.0
Zinc,36.66,7.06,317,193,158,1.4887,1.0
Titanium,77.44,4.44,384,23,213,0.191,0.2742
Bronze,65.27,8.77,314,26,351,0.1778,0.592
Bronze,52.83,8.84,341,34,583,0.1527,0.645
Brass,53.76,8.5,707,57,610,0.3488,0.9239
Inconel,91.35,8.15,415,148,69,1.3908,1.0
Ceramic,92.45,3.98,692,84,143,0.6915,0.8768
CastIron,71.88,7.05,395,66,762,0.1088,0.7107
Steel,67.25,7.8,459,189,644,0.3751,1.0
Nickel,73.45,8.84,267,38,409,0.2011,0.5534
Nickel,70.79,8.85,362,165,633,0.2961,1.0
Graphite,11.17,1.92,237,180,467,1.0748,1.0
Tungsten,92.34,19.31,454,42,843,0.0443,0.407
Brass,46.63,8.39,412,59,831,0.2435,1.0
Bronze,52.28,8.86,48,193,679,0.1266,1.0
Copper,42.53,8.88,436,92,477,0.4263,1.0
PTFE,7.26,2.22,483,192,600,2.8593,1.0
PTFE,6.35,2.26,502,84,494,1.7459,1.0
Inconel,82.18,8.33,347,43,884,0.1678,0.5602
Brass,60.87,8.5,272,78,492,0.2194,0.9347
Bronze,59.97,8.61,498,151,305,0.5739,1.0
PTFE,9.68,2.17,174,150,400,0.9129,1.0
Nickel,71.69,8.72,548,61,123,0.5454,0.775
Bronze,68.97,8.84,652,160,294,0.7354,1.0
Bronze,58.96,8.85,549,47,732,0.2648,0.6111
Graphite,10.24,1.85,35,74,831,0.0889,1.0
Inconel,88.92,8.13,779,55,789,0.17,0.759
Aluminum,42.84,2.75,61,12,353,0.1732,0.4614
Copper,47.81,8.99,264,132,749,0.3035,1.0
CastIron,75.01,7.28,792,165,220,1.0603,1.0
Aluminum,50.13,2.7,413,29,558,0.1129,0.6081
Steel,65.34,7.85,684,191,887,0.341,1.0
Ceramic,87.31,3.77,196,146,189,0.2487,1.0
Brass,54.86,8.34,291,80,984,0.1247,1.0
Ceramic,95.61,3.56,763,25,964,0.0463,0.4569
Nickel,75.63,8.89,218,196,517,0.2672,1.0
Titanium,77.75,4.44,644,174,138,1.4449,1.0
Inconel,96.45,8.35,540,196,351,0.4178,1.0
Aluminum,54.66,2.61,384,67,429,0.2758,0.8805
Titanium,91.25,4.46,622,121,648,0.2534,1.0
Nickel,72.98,8.76,373,79,158,0.4982,0.9344
Inconel,82.67,8.17,564,43,565,0.205,0.6931
Magnesium,40.83,1.89,620,118,446,0.6272,1.0
PTFE,7.03,2.3,199,25,598,0.225,1.0
Steel,73.96,7.86,596,64,850,0.2563,0.7774
Steel,69.29,7.75,84,195,918,0.1918,1.0
Bronze,73.25,8.87,711,54,99,0.749,0.7275
Copper,49.76,8.85,504,117,979,0.1977,1.0
CastIron,70.49,7.33,173,63,515,0.0704,0.658
Aluminum,50.56,2.79,565,82,234,0.5234,1.0
Zinc,39.36,7.03,195,36,699,0.1733,0.6899
Brass,58.64,8.49,311,156,764,0.2534,1.0
Bronze,51.28,8.7,515,102,175,0.88,1.0
PTFE,10.04,2.13,57,187,772,0.3158,1.0
Zinc,33.34,7.13,288,49,907,0.1424,1.0
Magnesium,36.02,1.6,590,190,338,1.2943,1.0
Zinc,30.57,7.12,551,76,602,0.3701,1.0
PTFE,14.69,2.21,688,40,285,1.0059,1.0
PTFE,13.31,2.12,742,51,203,1.8489,1.0
Zinc,34.89,7.15,747,127,804,0.5575,1.0
Tungsten,96.21,19.39,582,116,984,0.1496,0.8772
Graphite,22.89,2.04,455,110,485,0.6282,1.0
Aluminum,47.62,2.62,530,196,222,1.3845,1.0
Tungsten,94.12,19.28,798,74,694,0.1668,0.5896
Bronze,54.53,8.88,118,10,706,0.1296,0.1988
PTFE,5.95,2.26,521,135,301,5.0118,1.0
Aluminum,43.03,2.78,694,33,723,0.1108,0.8444
CastIron,70.35,7.36,541,40,337,0.2713,0.6652
Magnesium,40.98,1.61,449,23,921,0.1634,0.68
PTFE,12.55,2.18,699,55,81,4.8585,1.0
Magnesium,36.61,1.74,488,17,672,0.0532,0.5297
Magnesium,44.46,1.8,468,19,867,0.1573,0.6026
Inconel,80.67,8.43,166,67,176,0.2467,0.7562
Brass,45.54,8.49,167,10,487,0.1473,0.3476
Titanium,79.34,4.5,111,14,517,0.0827,0.4171
Steel,67.31,7.84,506,127,616,0.2702,1.0
Zinc,37.07,7.07,142,179,496,0.2683,1.0
Nickel,64.7,8.83,541,146,166,0.9834,1.0
Titanium,81.77,4.47,263,96,483,0.1269,1.0
Steel,82.23,7.78,97,159,864,0.1684,1.0
Zinc,38.35,7.11,360,41,438,0.2566,0.839
Graphite,16.61,1.86,378,128,697,0.5747,1.0
Nickel,63.17,8.75,695,80,550,0.3606,0.9967
Graphite,10.18,1.97,742,184,54,31.1611,1.0
Bronze,50.2,8.65,582,180,525,0.5326,1.0
Nickel,71.65,8.87,239,120,120,0.4497,1.0
PTFE,12.73,2.14,170,85,276,0.5379,1.0
Aluminum,55.62,2.67,81,62,214,0.2221,0.8288
Titanium,91.17,4.42,792,78,981,0.1529,0.8488
Zinc,35.72,7.2,768,18,291,0.3285,0.6774
Inconel,91.1,8.44,471,191,748,0.2709,1.0
CastIron,75.38,7.19,532,57,660,0.2149,0.7375
Ceramic,87.28,3.82,170,153,216,0.1979,1.0
Steel,67.22,7.73,736,17,780,0.2237,0.4702
CastIron,83.08,7.21,427,49,73,0.5849,0.6566
CastIron,89.3,7.33,54,44,797,0.1224,0.5639
Magnesium,40.32,1.77,142,180,161,0.642,1.0
Nickel,77.91,8.81,698,192,697,0.4184,1.0
Bronze,61.04,8.87,373,11,146,0.2163,0.2929
Ceramic,93.4,3.84,577,46,590,0.2521,0.4545
Nickel,61.99,8.71,244,137,406,0.297,1.0
Ceramic,89.48,3.88,778,91,831,0.3083,0.8018
Ceramic,96.64,3.83,312,167,84,0.8764,1.0
Tungsten,97.43,19.01,250,16,287,0.088,0.2282
Inconel,97.92,8.37,717,140,54,2.4426,1.0
CastIron,85.69,7.02,794,116,179,0.901,1.0
Brass,60.6,8.33,745,179,594,0.6458,1.0
Brass,51.99,8.59,502,167,207,1.0588,1.0
Graphite,18.4,1.9,66,82,803,0.1753,1.0
Inconel,80.23,8.12,666,114,420,0.4337,1.0
Titanium,86.36,4.44,665,22,333,0.0785,0.5144
Graphite,11.27,2.03,659,142,343,3.1276,1.0
Graphite,24.29,1.97,383,43,288,0.4258,1.0
Aluminum,42.77,2.61,212,145,405,0.3302,1.0
Aluminum,54.01,2.63,608,173,680,0.4617,1.0
Ceramic,86.72,3.75,361,170,513,0.2546,1.0
Copper,38.69,8.97,239,21,964,0.1252,0.6237
Tungsten,93.93,19.04,434,142,687,0.1979,1.0
Aluminum,58.35,2.72,399,146,68,1.8824,1.0
Ceramic,90.81,3.55,680,51,370,0.2094,0.5542
Zinc,28.27,7.11,410,12,653,0.1735,0.449
Magnesium,39.86,1.84,90,83,459,0.1187,1.0
Inconel,88.02,8.45,447,58,945,0.2369,0.5504
Nickel,60.74,8.87,168,124,757,0.0787,1.0
Nickel,61.28,8.71,706,144,537,0.4741,1.0
Inconel,85.61,8.3,306,134,430,0.3121,1.0
Bronze,64.58,8.84,66,44,958,0.201,0.7869
Magnesium,33.54,1.66,396,56,424,0.3318,1.0
Ceramic,94.69,3.8,546,190,691,0.2612,1.0
Tungsten,98.83,19.03,577,134,656,0.2875,1.0
Steel,84.63,7.79,348,46,543,0.1078,0.4658
Inconel,90.2,8.2,632,87,865,0.265,0.8483
Titanium,87.14,4.6,397,18,953,0.0833,0.3252
Aluminum,57.32,2.7,320,193,554,0.3965,1.0
CastIron,85.86,7.0,201,176,562,0.1476,1.0
Graphite,12.16,1.95,706,18,278,0.5931,1.0
Inconel,91.52,8.29,264,20,436,0.141,0.4196
Copper,43.39,8.93,166,200,939,0.1968,1.0
Brass,45.26,8.47,437,195,397,0.7499,1.0
Steel,78.15,7.75,659,128,393,0.5283,1.0
Bronze,50.35,8.84,575,101,119,1.2757,1.0
Titanium,94.37,4.58,757,130,451,0.3279,1.0
PTFE,11.72,2.28,36,49,421,0.0862,1.0
Tungsten,94.67,19.23,297,161,743,0.2396,1.0
Magnesium,41.76,1.77,633,164,408,0.9516,1.0
Graphite,14.02,1.95,182,102,458,0.5546,1.0
Inconel,90.75,8.26,668,198,945,0.3687,1.0
Magnesium,35.63,1.82,474,31,801,0.2597,0.7324
CastIron,72.65,7.29,650,178,731,0.36,1.0
Zinc,27.02,7.13,257,179,761,0.3243,1.0
Ceramic,86.91,3.6,476,11,909,0.0634,0.1733
Tungsten,91.22,19.35,189,166,772,0.229,1.0
Titanium,93.95,4.49,485,20,121,0.2606,0.2105
Inconel,82.96,8.46,323,193,811,0.289,1.0
CastIron,83.9,7.21,589,9,238,0.2123,0.1445
CastIron,82.93,7.0,536,67,565,0.265,0.7341
Brass,54.91,8.69,360,36,428,0.2536,0.5842
Aluminum,52.62,2.64,256,107,828,0.2346,1.0
Titanium,80.43,4.44,771,56,428,0.2687,0.5369
Steel,81.31,7.74,682,80,841,0.1705,0.9028
Steel,84.48,7.74,466,148,980,0.1323,1.0
Steel,79.42,7.73,733,85,835,0.1927,0.8732
Nickel,68.12,8.88,351,68,826,0.1023,0.9026
Titanium,77.87,4.51,254,162,566,0.1625,1.0
Inconel,84.14,8.44,467,64,952,0.0729,0.6696
PTFE,6.26,2.13,579,191,701,3.2216,1.0
Steel,75.38,7.81,106,77,121,0.3035,0.8041
PTFE,6.02,2.25,33,185,237,0.6726,1.0
Inconel,95.4,8.2,29,31,157,0.0312,0.3857
Aluminum,44.41,2.69,305,148,548,0.3485,1.0
Inconel,84.83,8.42,478,84,252,0.3439,0.769
Magnesium,34.6,1.62,153,101,758,0.1505,1.0
Steel,81.88,7.7,401,27,602,0.0443,0.5
Bronze,62.53,8.89,485,166,303,0.71,1.0
CastIron,73.99,7.19,150,66,995,0.0331,0.9137
Nickel,76.64,8.79,567,175,963,0.3491,1.0
Copper,43.08,8.86,243,122,673,0.2193,1.0
Zinc,37.68,7.1,286,168,718,0.3323,1.0
Tungsten,91.44,19.02,334,22,518,0.215,0.4925
CastIron,82.32,7.09,269,27,112,0.2062,0.3068
Ceramic,85.9,3.78,283,117,510,0.1888,1.0
Ceramic,89.36,3.94,110,68,670,0.1603,0.6436
CastIron,80.56,7.15,696,169,702,0.3569,1.0
CastIron,73.53,7.34,783,166,402,0.6487,1.0
Nickel,68.35,8.88,450,170,102,1.5557,1.0
CastIron,78.44,7.1,267,136,560,0.2023,1.0
Titanium,92.02,4.44,290,103,980,0.19,0.8504
Nickel,60.76,8.8,381,170,273,0.5519,1.0
Magnesium,35.68,1.8,703,75,756,0.3825,1.0
Graphite,24.58,1.89,546,39,423,0.3055,1.0
Bronze,55.96,8.74,528,45,582,0.1936,0.7022
Graphite,10.37,2.15,253,95,82,3.572,1.0
Ceramic,90.7,3.7,493,39,995,0.1127,0.6261
Bronze,67.47,8.63,560,63,804,0.2577,0.8981
Steel,70.72,7.78,611,82,679,0.3174,0.8691
Steel,75.12,7.75,125,79,451,0.1005,0.8396
Nickel,78.79,8.84,256,52,414,0.0931,0.573
CastIron,87.46,7.22,234,177,545,0.1419,1.0
Nickel,75.3,8.84,595,25,866,0.1704,0.447
Inconel,82.69,8.22,350,68,421,0.0986,0.6319
Titanium,76.9,4.56,800,25,764,0.1054,0.3317
Magnesium,31.44,1.87,289,69,522,0.1642,1.0
Titanium,86.73,4.43,556,188,177,1.0493,1.0
Nickel,66.81,8.72,258,53,170,0.2562,0.7619
Magnesium,40.1,1.68,349,119,721,0.368,1.0
Steel,76.76,7.71,427,72,990,0.1552,0.7905
Magnesium,35.9,1.65,204,66,625,0.2089,1.0
Magnesium,35.77,1.77,635,98,235,1.0372,1.0
Graphite,10.55,1.8,406,158,60,12.7356,1.0
Ceramic,94.55,3.6,97,46,523,0.0464,0.5221
PTFE,12.02,2.19,648,56,702,0.6709,1.0
Brass,50.12,8.56,332,67,307,0.3674,1.0
Bronze,73.76,8.87,378,179,348,0.439,1.0
PTFE,13.99,2.15,70,101,926,0.1562,1.0
Titanium,76.55,4.41,144,116,736,0.0554,1.0
Bronze,72.37,8.66,313,163,650,0.3261,1.0
Steel,68.23,7.78,162,37,722,0.1024,0.6326
Steel,72.36,7.72,253,106,367,0.1911,1.0
Titanium,77.02,4.47,299,117,695,0.1567,1.0
Titanium,77.68,4.46,49,64,327,0.1262,0.6835
Copper,51.35,8.89,606,61,810,0.2636,0.9134
Brass,59.87,8.57,589,186,781,0.3406,1.0
PTFE,6.41,2.28,415,19,878,0.2826,1.0
Aluminum,57.8,2.65,239,56,524,0.2302,0.8488
Steel,68.81,7.78,236,59,112,0.3841,0.8548
Copper,48.39,8.99,450,147,889,0.3253,1.0
Titanium,80.35,4.53,644,144,771,0.3209,1.0
Steel,81.07,7.85,769,181,345,0.6625,1.0
Ceramic,95.63,3.97,554,105,121,0.7278,0.8093
Steel,78.11,7.72,278,159,991,0.2612,1.0
CastIron,86.72,7.27,248,66,149,0.2884,0.7294
Brass,62.01,8.43,672,143,948,0.2439,1.0
Copper,54.12,8.81,635,126,636,0.4282,1.0
Steel,70.53,7.84,477,112,130,0.8866,1.0
Steel,69.51,7.78,140,165,391,0.136,1.0
Copper,38.58,8.94,37,42,269,0.0863,1.0
Zinc,36.23,7.1,706,143,85,4.27,1.0
Aluminum,48.67,2.61,637,113,803,0.3812,1.0
Tungsten,99.45,19.05,721,33,119,0.4281,0.5489
Steel,79.6,7.73,238,170,96,0.746,1.0
Brass,52.22,8.54,552,14,410,0.0767,0.3149
Zinc,32.26,7.03,580,12,452,0.0917,0.3001
Magnesium,44.44,1.88,294,87,239,0.471,1.0
Bronze,70.06,8.74,547,41,703,0.1541,0.6161
Magnesium,36.43,1.75,58,47,550,0.1418,1.0
Titanium,82.02,4.58,138,160,627,0.2108,1.0
Titanium,91.69,4.47,187,182,799,0.1064,1.0
Bronze,66.39,8.61,227,166,62,1.2393,1.0
Inconel,94.23,8.13,490,12,274,0.1463,0.2402
Inconel,81.57,8.14,167,189,477,0.2159,1.0
Tungsten,92.03,19.25,72,190,565,0.1393,1.0
Graphite,23.29,2.12,262,173,389,0.7321,1.0
Brass,45.54,8.46,346,199,818,0.4114,1.0
Copper,42.51,9.0,328,184,195,0.9532,1.0
Brass,64.84,8.37,267,66,679,0.1292,0.8438
Brass,57.27,8.46,46,125,416,0.1658,1.0
PTFE,14.21,2.25,317,183,705,0.7685,1.0
Aluminum,50.98,2.74,405,10,688,0.1409,0.3688
Copper,40.31,8.91,352,118,132,1.0588,1.0
Tungsten,93.94,19.08,640,36,262,0.269,0.5718
Tungsten,93.59,19.01,714,125,873,0.2211,1.0
CastIron,71.75,7.08,150,84,287,0.1381,0.8873
Brass,64.82,8.38,220,87,83,0.4806,1.0
Ceramic,87.19,3.8,735,32,623,0.1504,0.4129
Copper,37.09,8.94,96,156,428,0.1945,1.0
Magnesium,30.02,1.61,559,187,567,0.7942,1.0
Nickel,70.26,8.74,757,107,767,0.21,1.0
PTFE,8.51,2.17,440,62,219,1.9428,1.0
Aluminum,57.16,2.65,210,28,566,0.1752,0.4109
Brass,55.17,8.53,469,133,594,0.2952,1.0
Graphite,21.53,2.14,728,158,187,3.6657,1.0
PTFE,7.22,2.1,278,58,489,0.7552,1.0
PTFE,11.4,2.13,180,176,434,0.8792,1.0
Titanium,81.36,4.53,579,100,179,0.5075,1.0
Steel,78.22,7.84,108,173,569,0.1069,1.0
Steel,77.77,7.78,321,24,861,0.1835,0.2674
PTFE,12.93,2.15,219,53,853,0.1483,1.0
Graphite,11.74,1.85,498,129,548,1.2683,1.0
Aluminum,40.11,2.63,419,151,431,0.6163,1.0
Titanium,87.42,4.57,669,89,58,1.5062,0.7892
Ceramic,92.65,3.58,586,55,131,0.3493,0.5782
Steel,77.0,7.81,401,197,257,0.6967,1.0
Tungsten,98.98,19.15,126,18,216,0.0472,0.2576
Aluminum,54.15,2.75,115,167,174,0.4438,1.0
Tungsten,97.29,19.22,65,98,79,0.2178,0.971
Magnesium,43.34,1.69,635,45,84,1.1211,0.9889
Nickel,78.84,8.81,769,121,662,0.2905,1.0
Magnesium,39.21,1.85,627,125,592,0.4501,1.0
Brass,63.24,8.49,370,154,130,1.0556,1.0
Graphite,17.08,2.11,117,129,282,0.4621,1.0
Tungsten,90.65,19.15,453,46,787,0.2213,0.6192
Graphite,15.59,2.01,591,179,732,1.2711,1.0
Tungsten,90.22,19.02,147,142,870,0.0702,1.0
Ceramic,85.04,3.72,172,104,890,0.0933,1.0
Magnesium,31.66,1.86,152,145,359,0.408,1.0
Ceramic,98.29,3.83,327,106,918,0.2456,0.9184
CastIron,77.58,7.34,144,143,403,0.1989,1.0
Bronze,67.19,8.76,467,176,769,0.2848,1.0
Copper,41.92,8.83,97,31,72,0.313,0.7031
Titanium,86.63,4.55,604,81,289,0.4114,0.7243
Titanium,80.02,4.46,350,88,852,0.09,0.827
Titanium,87.74,4.44,131,14,923,0.1571,0.2252
Titanium,81.52,4.51,181,181,330,0.3182,1.0
Ceramic,88.9,3.99,588,93,439,0.2113,1.0
Graphite,14.45,2.1,469,8,779,0.0911,0.6106
Ceramic,87.2,3.79,384,97,884,0.1329,1.0
Brass,47.36,8.54,787,176,759,0.6345,1.0
PTFE,9.68,2.25,672,191,606,2.7715,1.0
Steel,83.36,7.89,184,196,448,0.2413,1.0
Steel,80.03,7.85,80,186,415,0.204,1.0
Ceramic,86.79,3.9,323,143,95,0.7344,1.0
Bronze,64.03,8.64,176,43,284,0.1162,0.6251
Brass,58.72,8.37,197,200,774,0.1857,1.0
Inconel,97.88,8.47,115,194,637,0.0719,1.0
Inconel,97.35,8.15,485,95,61,1.0214,0.9366
CastIron,84.75,7.36,368,121,939,0.105,1.0
Brass,47.99,8.5,466,90,278,0.5745,1.0
Copper,45.44,8.88,479,20,970,0.0994,0.583
Titanium,76.32,4.59,32,144,90,0.1851,1.0
Aluminum,51.35,2.69,484,54,82,0.8085,0.9307
Brass,62.22,8.49,126,103,182,0.1572,1.0
Steel,67.81,7.85,195,11,783,0.0456,0.2515
Ceramic,90.22,3.99,219,158,964,0.1272,1.0
Brass,56.03,8.68,790,164,916,0.3516,1.0
Zinc,27.4,7.11,362,137,616,0.5271,1.0
CastIron,77.16,7.34,174,120,433,0.2724,1.0
Aluminum,54.81,2.66,279,7,164,0.1439,0.1842
Bronze,57.09,8.74,335,72,523,0.1559,1.0
CastIron,78.25,7.28,252,161,893,0.2376,1.0
CastIron,80.5,7.19,195,54,588,0.1951,0.6038
Magnesium,39.7,1.62,704,92,365,0.6564,1.0
Ceramic,88.62,3.66,407,74,513,0.2117,0.8955
Titanium,80.75,4.48,436,159,528,0.2322,1.0
Titanium,82.09,4.46,566,95,679,0.2981,1.0
Titanium,79.22,4.51,262,44,638,0.0529,0.718
Steel,82.09,7.74,200,120,240,0.3443,1.0
Zinc,30.99,7.2,314,149,933,0.3183,1.0
Zinc,26.55,7.08,283,37,901,0.1788,1.0
Inconel,85.41,8.17,350,119,99,0.8078,1.0
Tungsten,91.69,19.13,541,161,199,0.7843,1.0
Magnesium,42.73,1.73,424,9,564,0.1562,0.4047
CastIron,85.74,7.28,402,93,159,0.471,0.862
Nickel,70.0,8.79,585,19,380,0.1438,0.525
Aluminum,50.52,2.66,638,150,664,0.3747,1.0
Tungsten,98.87,19.33,252,104,465,0.2538,0.9929
Magnesium,36.65,1.86,386,166,493,0.5789,1.0
Copper,43.55,8.81,186,69,404,0.1902,1.0
Bronze,55.08,8.67,711,152,649,0.5282,1.0
Copper,48.03,8.91,762,37,970,0.2285,0.8552
PTFE,5.51,2.11,483,104,930,1.2662,1.0
Ceramic,98.92,3.52,124,120,379,0.1741,1.0
PTFE,14.97,2.19,738,51,575,0.6334,1.0
Magnesium,42.29,1.81,553,159,80,3.4124,1.0
Ceramic,92.8,3.62,239,22,89,0.1933,0.3219
Graphite,17.53,1.86,67,150,776,0.211,1.0
Titanium,86.7,4.42,264,119,679,0.1359,1.0
Aluminum,46.73,2.65,409,43,892,0.1687,0.8935
Copper,45.21,8.86,559,19,908,0.1895,0.4072
Inconel,94.76,8.15,90,7,632,0.0976,0.25
Copper,36.01,8.98,208,60,178,0.2549,1.0
Titanium,88.33,4.56,730,27,517,0.1995,0.4787
Steel,70.33,7.83,287,94,494,0.1188,1.0
Tungsten,93.64,19.1,510,187,55,2.3605,1.0
Graphite,13.78,2.15,290,194,101,5.1131,1.0
PTFE,14.5,2.17,586,28,545,0.3797,1.0
Magnesium,37.74,1.69,96,141,891,0.2422,1.0
Brass,47.53,8.5,442,73,329,0.3206,1.0
Nickel,77.9,8.82,448,147,228,0.5861,1.0
Inconel,85.79,8.24,248,172,294,0.3002,1.0
Graphite,23.76,2.18,113,164,756,0.2034,1.0
Magnesium,35.1,1.77,430,21,782,0.184,0.5982
Steel,65.26,7.74,542,128,843,0.3201,1.0
Ceramic,97.58,3.75,222,135,957,0.1792,1.0
Tungsten,97.06,19.17,431,83,727,0.244,0.8222
Tungsten,96.26,19.26,574,72,377,0.3184,0.8139
Ceramic,98.39,3.85,775,13,97,0.3253,0.189
CastIron,88.31,7.23,716,31,517,0.2533,0.3265
Magnesium,35.79,1.86,613,41,575,0.2755,0.922
Copper,46.1,8.89,449,71,106,0.9041,1.0
Titanium,89.3,4.4,651,14,544,0.0765,0.343
Graphite,24.33,1.93,522,14,913,0.1249,0.5261
Magnesium,36.61,1.72,731,160,715,0.6096,1.0
Nickel,65.29,8.9,562,139,551,0.4064,1.0
CastIron,84.12,7.23,482,177,108,1.31,1.0
PTFE,13.31,2.28,464,86,709,0.6051,1.0
CastIron,81.24,7.36,618,193,841,0.3304,1.0
Copper,52.34,8.97,376,195,107,1.7395,1.0
CastIron,83.36,7.23,230,100,111,0.3351,0.9006
Inconel,88.99,8.32,575,25,799,0.077,0.2376
Brass,46.53,8.47,587,40,604,0.248,0.6734
Steel,69.84,7.82,606,27,300,0.1395,0.573
Brass,54.07,8.58,280,195,321,0.5831,1.0
Titanium,79.29,4.58,587,38,164,0.2946,0.4553
Brass,47.43,8.4,172,65,816,0.1288,1.0
Aluminum,43.93,2.64,652,44,234,0.4552,0.9971
Tungsten,99.62,19.02,689,69,890,0.1532,0.612
Zinc,26.88,7.1,337,193,857,0.4206,1.0
Zinc,38.71,7.06,395,10,723,0.1025,0.3319
Steel,77.1,7.83,501,138,882,0.2969,1.0
Magnesium,30.3,1.64,225,151,139,1.1893,1.0
Bronze,63.69,8.7,508,25,270,0.2836,0.328
Copper,35.2,8.82,452,77,621,0.245,1.0
Copper,43.69,8.93,394,55,642,0.1152,0.9666
Magnesium,36.58,1.86,544,186,380,1.0603,1.0
Copper,49.69,8.89,647,188,485,0.6578,1.0
Titanium,85.76,4.53,162,186,337,0.1534,1.0
Magnesium,43.55,1.69,774,194,432,1.1222,1.0
Aluminum,45.23,2.68,203,156,997,0.1598,1.0
Zinc,32.32,7.18,558,56,520,0.4047,1.0
Aluminum,51.53,2.78,585,45,907,0.1492,0.7623
Graphite,14.11,2.19,334,182,645,0.87,1.0
Graphite,24.94,2.09,544,87,593,0.4438,1.0
CastIron,71.75,7.31,176,15,978,0.0393,0.2674
Aluminum,53.85,2.75,784,113,706,0.3166,1.0
CastIron,88.81,7.09,67,140,208,0.1136,1.0
CastIron,75.07,7.07,129,116,945,0.2157,1.0
Steel,75.82,7.84,439,70,369,0.1572,0.6775
Ceramic,92.46,3.51,115,182,662,0.2259,1.0
Graphite,20.27,1.98,267,145,825,0.4267,1.0
Titanium,82.15,4.47,507,160,590,0.3385,1.0
Steel,72.95,7.82,33,17,777,0.0656,0.2403
CastIron,89.87,7.12,343,38,438,0.1565,0.584
Bronze,58.34,8.71,339,133,557,0.3397,1.0
Nickel,63.4,8.74,341,54,700,0.0934,0.7686
Ceramic,99.09,3.67,28,18,613,0.169,0.3276
Aluminum,48.13,2.64,475,147,965,0.3357,1.0
Graphite,24.41,2.05,511,97,660,0.489,1.0
Inconel,88.98,8.43,443,69,280,0.3528,0.6006
Aluminum,46.84,2.74,543,143,421,0.5271,1.0
Brass,61.18,8.61,188,185,557,0.2949,1.0
Tungsten,94.65,19.35,135,17,946,0.0706,0.3513
Copper,36.02,8.98,82,102,344,0.2116,1.0
Bronze,60.69,8.78,377,182,789,0.2392,1.0
Zinc,27.95,7.18,317,21,713,0.0697,0.7823
Nickel,69.22,8.7,181,195,90,0.7475,1.0
Bronze,63.77,8.72,798,105,87,2.0878,1.0
PTFE,13.15,2.22,33,67,592,0.1256,1.0
Bronze,58.04,8.64,273,22,548,0.1956,0.3909
Bronze,56.58,8.84,253,68,62,0.7798,1.0
Brass,48.06,8.62,556,113,522,0.3546,1.0
CastIron,79.36,7.27,607,112,196,0.6356,1.0
Zinc,38.64,7.01,779,46,844,0.2656,1.0
Tungsten,92.86,19.31,63,129,721,0.0296,1.0
Steel,82.55,7.86,299,10,667,0.1477,0.3583
Aluminum,52.0,2.74,183,23,257,0.0872,0.5501
Titanium,87.57,4.4,30,112,235,0.1395,1.0
Titanium,85.11,4.48,133,11,153,0.0474,0.3896
Nickel,68.92,8.88,668,116,418,0.4598,1.0
Copper,41.89,8.87,343,130,162,0.9549,1.0
Nickel,68.1,8.77,161,129,801,0.1112,1.0
Inconel,85.95,8.27,437,62,397,0.2788,0.7173
PTFE,10.47,2.27,736,144,230,5.5813,1.0
CastIron,79.21,7.3,423,39,705,0.1218,0.5848
Graphite,17.45,1.88,28,56,378,0.1443,1.0
Magnesium,33.56,1.61,515,127,285,1.0233,1.0
Ceramic,95.2,3.63,644,65,286,0.3406,0.6928
Inconel,94.69,8.13,163,176,167,0.3384,1.0
Nickel,65.35,8.73,559,29,192,0.2773,0.4734
Inconel,90.22,8.23,576,123,508,0.3353,1.0
Magnesium,43.81,1.67,521,171,518,0.6077,1.0
Tungsten,97.4,19.2,466,44,372,0.2367,0.431
Steel,67.94,7.89,606,114,871,0.2158,1.0
Nickel,60.96,8.89,477,68,89,0.8975,1.0
Titanium,90.29,4.56,540,88,148,0.614,0.8732
Nickel,69.12,8.86,800,15,73,0.3689,0.3535
Ceramic,99.46,3.87,476,37,347,0.1877,0.4998
Inconel,86.86,8.44,321,60,591,0.1539,0.7951
Aluminum,55.37,2.78,615,159,245,0.9758,1.0
CastIron,83.07,7.23,614,71,409,0.1955,0.7955
Magnesium,44.05,1.88,262,52,427,0.2242,0.9342
Zinc,29.07,7.01,640,99,488,0.5753,1.0
Tungsten,93.2,19.14,425,184,601,0.2281,1.0
Brass,48.37,8.49,616,46,357,0.2882,0.8517
Steel,67.17,7.72,514,101,344,0.3989,1.0
PTFE,5.48,2.11,635,139,414,4.8855,1.0
CastIron,88.3,7.23,208,30,157,0.1461,0.4331
Steel,68.07,7.85,168,84,842,0.1792,0.8895
Copper,38.52,8.96,325,141,496,0.3615,1.0
Inconel,85.67,8.27,48,166,497,0.0757,1.0
Ceramic,95.69,3.75,639,78,735,0.1919,0.7914
Zinc,31.2,7.18,427,5,960,0.1169,0.1997
Steel,70.25,7.72,262,8,260,0.1989,0.2122
CastIron,77.17,7.19,772,67,518,0.186,0.9266
Steel,74.32,7.71,549,190,415,0.4954,1.0
Ceramic,89.94,3.99,722,178,507,0.3675,1.0
Copper,45.36,8.92,137,133,605,0.1065,1.0
PTFE,14.47,2.15,778,135,194,4.7116,1.0
Inconel,93.84,8.41,278,192,141,0.5421,1.0
Tungsten,97.16,19.06,568,178,186,0.7872,1.0
PTFE,10.81,2.26,595,63,905,0.6696,1.0
Zinc,33.68,7.11,406,130,902,0.3625,1.0
Graphite,15.02,1.92,76,174,197,0.7184,1.0
Steel,66.32,7.9,136,131,466,0.1202,1.0
Inconel,86.46,8.39,247,13,425,0.1833,0.2939
Magnesium,38.12,1.82,68,182,328,0.1359,1.0
Inconel,88.49,8.47,240,10,923,0.1776,0.4019
Nickel,75.83,8.75,45,189,474,0.0978,1.0
Bronze,70.82,8.65,378,62,680,0.0986,0.7215
PTFE,12.65,2.11,747,66,886,0.6701,1.0
Titanium,78.83,4.56,450,51,370,0.2439,0.55
CastIron,75.42,7.02,251,41,465,0.092,0.4763
Ceramic,91.44,3.68,263,197,270,0.4225,1.0
Steel,65.66,7.89,618,187,668,0.5014,1.0
Brass,58.86,8.41,187,19,423,0.2174,0.4249
Titanium,88.07,4.48,640,145,952,0.3096,1.0
Nickel,74.16,8.79,584,10,790,0.0985,0.3553
Zinc,39.19,7.11,312,45,853,0.1591,0.9215
Aluminum,51.97,2.75,676,71,156,0.8707,1.0
Inconel,91.58,8.34,594,68,248,0.3447,0.5895
Inconel,83.17,8.1,509,83,905,0.1502,0.9867
Bronze,58.22,8.89,385,38,613,0.2072,0.5122
Graphite,18.15,1.99,44,109,684,0.1394,1.0
Steel,68.14,7.84,646,78,361,0.277,1.0
Zinc,33.39,7.01,454,148,134,2.003,1.0
Magnesium,44.56,1.71,730,87,82,2.3585,1.0
PTFE,6.78,2.24,326,92,107,5.3339,1.0
Graphite,19.87,2.0,378,19,804,0.2028,0.9172
Ceramic,96.73,3.56,416,152,591,0.2421,1.0
Ceramic,88.21,3.98,184,40,395,0.2207,0.4102
PTFE,8.58,2.1,200,145,410,1.0633,1.0
Steel,79.78,7.8,298,64,934,0.1882,0.7468
Zinc,27.08,7.09,515,17,189,0.3463,0.6248
CastIron,72.84,7.06,541,21,834,0.0338,0.33
Tungsten,92.35,19.2,786,91,1000,0.1651,0.7962
Inconel,90.88,8.43,166,87,694,0.0578,0.8209
Steel,76.24,7.72,735,70,140,0.688,0.9421
Aluminum,58.73,2.67,285,150,191,0.6553,1.0
Steel,65.71,7.8,86,106,268,0.1191,1.0
Nickel,62.85,8.82,416,105,641,0.1776,1.0
PTFE,5.83,2.13,569,7,192,0.4833,1.0
Steel,67.3,7.7,386,44,61,0.7035,0.754
Ceramic,93.31,3.96,151,191,87,0.5855,1.0
Titanium,76.95,4.47,519,49,915,0.2054,0.5813
Ceramic,94.01,3.74,154,70,997,0.1368,0.556
Brass,57.11,8.39,50,170,213,0.1609,1.0
Aluminum,51.79,2.65,93,174,214,0.1931,1.0
Copper,35.7,8.89,668,41,416,0.4255,0.8711
Graphite,17.48,1.96,91,75,465,0.1982,1.0
Zinc,38.62,7.13,496,149,670,0.3993,1.0
Aluminum,55.56,2.63,605,29,119,0.3915,0.5219
Copper,46.56,8.86,269,190,283,0.5269,1.0
Steel,76.28,7.74,482,131,753,0.3301,1.0
CastIron,79.29,7.02,760,21,749,0.0577,0.2985
Tungsten,98.53,19.38,536,67,389,0.1411,0.5628
PTFE,11.86,2.15,636,81,58,9.4163,1.0
Titanium,75.4,4.45,619,7,617,0.1751,0.3656
Copper,48.17,8.86,712,56,661,0.2819,0.9874
CastIron,72.05,7.33,52,164,578,0.0821,1.0
Graphite,15.15,2.0,790,123,322,2.5096,1.0
Zinc,33.2,7.11,197,175,472,0.3882,1.0
CastIron,73.64,7.25,719,169,323,0.7923,1.0
Nickel,60.95,8.74,366,159,753,0.2164,1.0
Nickel,78.92,8.76,53,194,56,0.3449,1.0
Tungsten,96.74,19.37,611,65,683,0.2318,0.5182
Bronze,58.01,8.6,152,159,196,0.3252,1.0
Inconel,82.75,8.21,394,112,630,0.2171,1.0
Nickel,60.51,8.79,753,179,223,1.3605,1.0
Magnesium,38.67,1.82,251,100,780,0.1439,1.0
CastIron,71.99,7.08,434,194,506,0.4367,1.0
Bronze,70.03,8.83,246,57,956,0.0538,0.7502
Nickel,65.74,8.86,344,100,817,0.2278,1.0
Magnesium,35.66,1.8,132,5,559,0.0421,0.287
Titanium,81.17,4.56,500,39,364,0.1191,0.5685
Ceramic,99.67,3.78,192,180,598,0.1415,1.0
Nickel,78.47,8.74,743,55,960,0.1607,0.5351
CastIron,89.74,7.23,567,65,653,0.251,0.5454
Copper,38.66,8.85,116,164,774,0.1862,1.0
Nickel,67.67,8.73,399,80,199,0.3351,0.9682
Nickel,75.44,8.77,452,177,849,0.2084,1.0
Tungsten,96.46,19.21,672,199,226,0.8091,1.0
Inconel,91.64,8.41,443,173,931,0.2138,1.0
Steel,73.54,7.77,181,24,396,0.0349,0.5061
Graphite,10.72,1.92,687,18,229,0.8017,1.0
Steel,78.85,7.86,142,176,728,0.1631,1.0
Graphite,15.57,1.83,334,94,317,0.9388,1.0
Tungsten,95.88,19.35,701,98,62,1.5503,1.0
Inconel,84.85,8.16,541,77,551,0.2511,0.7086
Nickel,70.83,8.89,530,106,78,1.4607,1.0
Steel,67.45,7.81,528,11,52,0.3342,0.2579
CastIron,70.3,7.39,524,41,104,0.4243,0.5341
Magnesium,30.39,1.85,614,132,145,2.3692,1.0
Graphite,19.02,1.8,624,9,594,0.1366,0.6061
Titanium,83.48,4.5,456,186,116,1.2393,1.0
Brass,61.08,8.69,92,41,632,0.0302,0.6124
Magnesium,32.03,1.82,754,158,617,0.8126,1.0
PTFE,6.89,2.14,181,189,229,2.7585,1.0
Tungsten,93.64,19.13,512,9,514,0.1088,0.3583
Graphite,14.85,1.81,653,186,961,1.0748,1.0
Copper,38.21,8.94,231,112,196,0.4521,1.0
CastIron,84.25,7.15,379,101,830,0.2558,1.0
Steel,81.99,7.73,688,71,221,0.5128,0.6409
Aluminum,57.52,2.65,225,79,331,0.171,1.0
Bronze,70.3,8.88,322,55,710,0.109,0.7767
Graphite,19.69,2.01,536,194,396,1.7132,1.0
Titanium,86.5,4.49,648,175,750,0.2772,1.0
PTFE,5.27,2.28,382,119,756,1.445,1.0
CastIron,71.49,7.25,52,183,323,0.1026,1.0
Copper,37.93,8.81,560,191,785,0.4686,1.0
Steel,72.09,7.7,515,117,229,0.5967,1.0
Titanium,79.39,4.53,792,92,614,0.3462,1.0
Copper,50.0,8.96,30,52,712,0.1252,0.893
Graphite,17.58,2.06,503,78,973,0.4364,1.0
Aluminum,50.85,2.68,419,83,666,0.3184,1.0
Copper,52.19,9.0,249,187,602,0.2408,1.0
Nickel,79.23,8.78,582,155,319,0.4714,1.0
Brass,46.3,8.35,417,121,303,0.5082,1.0
Steel,82.3,7.87,637,126,489,0.3068,1.0
Graphite,23.76,2.01,337,108,901,0.3646,1.0
Bronze,54.02,8.63,356,31,993,0.1933,0.555
Zinc,27.63,7.03,614,123,487,0.805,1.0
Steel,68.48,7.84,777,42,819,0.0936,0.4736
Inconel,81.02,8.27,301,198,872,0.2147,1.0
Graphite,13.79,2.12,483,87,342,1.2301,1.0
Ceramic,95.91,3.79,447,106,639,0.2684,0.83
Titanium,78.63,4.57,419,109,567,0.3078,1.0
Copper,40.88,8.95,519,113,143,1.2982,1.0
Tungsten,95.6,19.19,538,78,542,0.1535,0.6509
CastIron,79.56,7.14,734,127,699,0.3177,1.0
PTFE,7.42,2.12,708,47,212,2.8155,1.0
Graphite,14.33,2.04,37,80,124,0.2456,1.0
CastIron,76.51,7.27,177,29,545,0.0424,0.5638
Inconel,81.25,8.35,233,81,204,0.1647,0.8317
PTFE,12.4,2.1,593,69,624,0.8131,1.0
Graphite,21.14,1.99,521,158,245,1.9988,1.0
Aluminum,47.86,2.74,702,50,881,0.2011,0.981
Inconel,97.08,8.38,102,145,508,0.2325,1.0
Titanium,87.89,4.4,530,118,236,0.4253,1.0
Zinc,38.0,7.13,525,91,85,2.0456,1.0
PTFE,12.0,2.16,696,164,386,3.2174,1.0
Graphite,17.02,2.13,558,23,714,0.2166,1.0
Magnesium,38.7,1.68,751,164,464,0.9551,1.0
Ceramic,95.65,3.99,534,21,291,0.1075,0.4072
Graphite,13.14,2.0,517,120,129,4.7738,1.0
Titanium,78.79,4.59,510,81,273,0.4005,0.8443
Brass,54.21,8.42,99,100,484,0.0991,1.0
Copper,39.96,8.84,673,114,894,0.3832,1.0
PTFE,7.69,2.18,413,62,668,0.812,1.0
Bronze,72.66,8.79,198,134,222,0.3602,1.0
Zinc,34.05,7.01,478,114,385,0.5477,1.0
Zinc,28.59,7.06,392,99,65,2.6679,1.0
CastIron,72.38,7.39,487,131,708,0.1796,1.0
Tungsten,93.76,19.28,440,113,108,0.813,0.9636
Graphite,20.72,2.04,550,27,317,0.4151,1.0
Magnesium,30.71,1.61,93,8,429,0.0768,0.4963
Aluminum,46.18,2.62,478,109,167,0.9853,1.0
Brass,54.98,8.61,221,34,464,0.0482,0.4677
Copper,52.32,8.82,480,189,398,0.699,1.0
Magnesium,44.82,1.78,421,124,59,2.6643,1.0
Inconel,96.92,8.17,73,18,71,0.1702,0.3184
Zinc,36.07,7.07,262,19,601,0.084,0.5116
Inconel,96.28,8.42,337,74,653,0.2172,0.6832
Tungsten,98.24,19.39,182,171,898,0.2078,1.0
Magnesium,33.98,1.79,144,111,518,0.3039,1.0
Magnesium,43.86,1.76,122,82,253,0.2871,1.0
Nickel,76.34,8.74,132,96,333,0.1314,1.0
Bronze,68.74,8.67,223,165,62,1.2296,1.0
Copper,50.81,8.85,54,117,762,0.1479,1.0
Graphite,18.36,1.99,207,60,383,0.3378,1.0
Tungsten,95.94,19.29,32,184,82,0.1584,1.0
Zinc,28.56,7.17,676,134,735,0.67,1.0
Steel,83.76,7.74,544,58,878,0.0783,0.8032
Tungsten,97.12,19.39,475,113,104,0.7404,0.8616
Graphite,19.04,1.94,610,187,593,1.3519,1.0
Nickel,77.36,8.76,77,39,771,0.0425,0.4184
Steel,77.07,7.88,672,167,729,0.3266,1.0
Steel,66.75,7.84,224,193,948,0.2718,1.0
Steel,82.8,7.89,744,161,208,1.0016,1.0
Steel,66.81,7.71,246,69,409,0.2606,0.9725
Magnesium,43.34,1.67,373,26,787,0.1607,0.6797
Steel,68.23,7.72,682,189,88,2.8107,1.0
Ceramic,89.31,3.63,483,107,165,0.6099,0.9304
Ceramic,86.43,3.99,79,182,601,0.2332,1.0
Nickel,60.17,8.8,47,19,872,0.125,0.5554
CastIron,71.38,7.14,744,135,371,0.5265,1.0
Aluminum,48.47,2.79,781,135,178,1.5472,1.0
Bronze,52.03,8.62,474,54,308,0.3085,0.8857
CastIron,73.63,7.28,672,101,742,0.3465,1.0
Magnesium,40.43,1.9,495,103,256,0.7421,1.0
Tungsten,93.2,19.24,688,195,669,0.346,1.0
Zinc,34.98,7.13,151,17,549,0.2064,0.6431
Brass,60.04,8.47,601,81,536,0.2431,1.0
Inconel,80.05,8.39,501,110,728,0.2603,1.0
Copper,48.26,8.92,556,177,100,2.6799,1.0
Bronze,50.12,8.6,335,103,669,0.2026,1.0
Inconel,94.14,8.11,209,19,466,0.1462,0.4746
Nickel,68.15,8.78,506,142,653,0.2888,1.0
Inconel,95.1,8.26,292,116,846,0.1312,0.9619
PTFE,11.17,2.14,197,74,652,0.3973,1.0
Inconel,95.13,8.45,782,87,404,0.2469,0.7401
Nickel,62.13,8.78,163,56,651,0.0665,0.9252
Zinc,30.88,7.03,226,24,344,0.2228,0.7243
Tungsten,91.3,19.08,580,49,935,0.0675,0.6446
Inconel,94.98,8.33,332,42,420,0.1974,0.5022
Inconel,83.38,8.28,494,37,454,0.1206,0.3784
Aluminum,40.22,2.77,688,14,809,0.0537,0.5351
Magnesium,32.07,1.89,717,121,967,0.4876,1.0
Bronze,56.92,8.8,430,67,457,0.157,1.0
Graphite,24.26,1.87,37,185,954,0.1323,1.0
Zinc,35.28,7.19,475,79,751,0.2758,1.0
Nickel,62.89,8.9,599,29,436,0.2117,0.5676
Copper,38.62,8.82,564,40,126,0.6796,0.7804
Titanium,80.23,4.48,167,150,959,0.1324,1.0
Tungsten,97.94,19.24,468,133,285,0.3194,1.0
Titanium,82.63,4.57,267,9,248,0.0345,0.3867
Ceramic,94.23,3.55,372,49,832,0.0946,0.4037
Steel,65.66,7.71,478,6,483,0.0652,0.3195
Bronze,72.95,8.72,223,81,538,0.1795,1.0
Tungsten,98.97,19.04,46,144,52,0.3345,1.0
Magnesium,37.93,1.77,72,8,955,0.1944,0.4746
Magnesium,36.32,1.83,536,106,540,0.5057,1.0
Magnesium,39.82,1.83,60,55,129,0.1058,1.0
Ceramic,95.9,3.69,615,175,924,0.1811,1.0
Aluminum,42.45,2.74,88,147,935,0.0533,1.0
Copper,50.68,8.82,484,77,630,0.2225,1.0
Aluminum,43.2,2.79,634,63,913,0.1879,1.0
Tungsten,98.78,19.27,274,174,158,0.4767,1.0
Graphite,19.67,1.94,367,80,303,0.7505,1.0
Bronze,53.28,8.71,135,131,807,0.0959,1.0
Zinc,39.18,7.11,424,77,392,0.3646,1.0
Zinc,28.42,7.15,253,119,598,0.2519,1.0
Inconel,96.66,8.27,53,60,473,0.1131,0.5672
Copper,49.44,8.92,752,199,965,0.4876,1.0
Graphite,11.27,1.92,448,66,784,0.5078,1.0
Bronze,71.2,8.71,461,101,169,0.5162,0.9977
Magnesium,40.74,1.61,516,189,521,0.5929,1.0
Brass,56.35,8.7,645,79,909,0.2615,1.0
Zinc,26.98,7.18,311,116,527,0.3835,1.0
Steel,66.19,7.83,153,6,537,0.1261,0.1779
Bronze,67.72,8.77,109,93,420,0.1615,1.0
CastIron,78.09,7.29,193,78,61,0.4195,1.0
Zinc,29.64,7.07,126,190,659,0.1904,1.0
Brass,62.82,8.61,666,180,235,1.1687,1.0
Ceramic,96.59,3.52,355,123,120,0.6584,0.9228
Aluminum,42.27,2.64,89,173,825,0.2379,1.0
Tungsten,96.27,19.28,630,54,677,0.2044,0.6362
CastIron,74.51,7.11,470,146,964,0.1343,1.0
Graphite,22.24,1.9,142,188,847,0.3128,1.0
Steel,69.11,7.81,436,173,432,0.4366,1.0
Inconel,91.47,8.23,412,81,591,0.0893,0.8298
Graphite,19.49,1.92,61,115,301,0.28,1.0
Brass,47.98,8.51,691,185,973,0.5294,1.0
Magnesium,37.04,1.75,262,77,632,0.1609,1.0
Tungsten,91.55,19.35,577,26,820,0.0733,0.2506
Magnesium,35.19,1.76,785,187,601,0.8835,1.0
CastIron,76.44,7.09,237,130,725,0.2185,1.0
Bronze,73.94,8.74,519,104,461,0.2969,1.0
Brass,50.96,8.35,57,157,296,0.2423,1.0
Magnesium,30.23,1.78,100,156,972,0.2436,1.0
Ceramic,96.71,3.9,541,172,663,0.2511,1.0
Inconel,90.26,8.16,115,150,598,0.1726,1.0
Tungsten,97.45,19.06,109,115,983,0.1506,1.0
Zinc,31.21,7.11,733,113,270,1.3737,1.0
Ceramic,96.92,3.56,619,177,852,0.1883,1.0
Graphite,10.3,1.81,429,118,89,6.9425,1.0
Titanium,89.85,4.53,759,5,64,0.0988,0.1015
PTFE,7.72,2.14,582,123,188,6.2376,1.0
Tungsten,92.01,19.3,692,14,505,0.1147,0.235
Nickel,60.94,8.73,67,160,658,0.2212,1.0
Copper,43.22,8.99,255,116,708,0.1514,1.0
Aluminum,47.92,2.62,342,44,403,0.2006,0.9529
Brass,51.68,8.53,501,109,738,0.3707,1.0
PTFE,14.13,2.13,265,82,939,0.3872,1.0
Steel,75.83,7.84,103,60,176,0.1077,0.8419
Zinc,26.44,7.04,330,196,843,0.5129,1.0
Ceramic,99.46,3.8,739,125,803,0.317,1.0
Brass,62.11,8.66,386,182,989,0.2977,1.0
Aluminum,41.18,2.74,83,97,867,0.0877,1.0
Ceramic,95.93,3.66,462,113,374,0.2148,1.0
Inconel,90.77,8.11,425,90,771,0.2352,0.8876
Aluminum,55.91,2.66,616,200,527,0.6244,1.0
Nickel,70.73,8.78,126,176,106,0.5696,1.0
Magnesium,35.08,1.76,572,61,494,0.3034,1.0
PTFE,6.52,2.11,777,61,769,1.257,1.0
PTFE,8.75,2.16,558,49,702,0.6619,1.0
CastIron,80.17,7.26,383,115,787,0.2212,1.0
Graphite,11.32,2.18,269,23,385,0.2292,1.0
Brass,49.56,8.54,792,138,933,0.4178,1.0
Magnesium,35.56,1.79,624,185,450,0.965,1.0
Zinc,34.38,7.08,127,64,116,0.319,1.0
Titanium,90.31,4.46,626,187,346,0.5468,1.0
Inconel,95.88,8.14,762,161,338,0.5128,1.0
Brass,59.9,8.35,557,123,446,0.3809,1.0
CastIron,88.8,7.33,449,27,608,0.1624,0.4189
Nickel,61.07,8.72,409,169,117,1.2974,1.0
Tungsten,94.37,19.25,378,163,959,0.2816,1.0
PTFE,14.61,2.2,606,160,386,2.2836,1.0
Inconel,97.57,8.24,686,62,394,0.1661,0.6833
Aluminum,50.06,2.6,648,62,208,0.611,1.0
Tungsten,99.43,19.25,481,58,282,0.3019,0.5862
Inconel,90.37,8.35,189,177,620,0.145,1.0
Copper,53.93,8.85,234,22,423,0.0922,0.3811
Ceramic,85.42,3.78,76,28,307,0.1735,0.3382
PTFE,9.79,2.17,398,49,175,1.4581,1.0
Nickel,75.06,8.78,130,66,734,0.1571,0.6652
Magnesium,37.77,1.81,93,103,775,0.1933,1.0
CastIron,81.47,7.14,179,97,941,0.2202,0.9393
Nickel,65.22,8.85,671,19,659,0.1226,0.3492
Brass,62.92,8.52,331,42,729,0.0499,0.717
Aluminum,44.09,2.78,484,33,947,0.0781,0.5653
Magnesium,39.61,1.65,554,92,436,0.5687,1.0
PTFE,9.75,2.17,747,168,777,2.2393,1.0
PTFE,5.77,2.28,272,41,381,0.6946,1.0
Magnesium,38.73,1.88,645,48,415,0.3584,1.0
Tungsten,99.86,19.17,720,56,362,0.1875,0.6275
Inconel,82.49,8.28,122,198,530,0.1973,1.0
Inconel,86.83,8.16,593,173,503,0.4688,1.0
Ceramic,97.63,3.62,651,136,933,0.1603,1.0
Steel,71.23,7.85,411,156,245,0.5803,1.0
Titanium,92.47,4.44,222,117,236,0.2572,1.0
PTFE,7.23,2.17,126,139,645,0.6127,1.0
Inconel,95.84,8.45,455,94,549,0.2268,0.9025
PTFE,10.48,2.12,743,197,919,2.0941,1.0
Aluminum,56.92,2.68,615,145,610,0.4905,1.0
Copper,38.76,8.89,792,61,981,0.2891,1.0
Steel,79.74,7.73,602,195,818,0.3814,1.0
PTFE,12.6,2.1,783,33,701,0.4672,1.0
Aluminum,50.58,2.68,505,67,424,0.3122,1.0
Copper,54.1,8.83,307,125,528,0.2397,1.0
Copper,44.08,8.98,40,136,612,0.1418,1.0
Brass,56.06,8.31,575,22,808,0.0963,0.3136
Bronze,57.85,8.76,481,166,963,0.3128,1.0
CastIron,84.64,7.04,176,60,117,0.2763,0.5234
Aluminum,43.92,2.63,482,172,275,1.0126,1.0
Ceramic,97.7,3.69,454,62,972,0.1599,0.5623
Nickel,63.16,8.75,700,17,855,0.1501,0.3477
Bronze,71.89,8.73,26,64,306,0.1602,0.9378
Brass,56.71,8.66,695,79,580,0.2732,1.0
Magnesium,42.16,1.62,434,194,334,0.7596,1.0
Graphite,23.33,2.09,517,96,909,0.4697,1.0
Zinc,28.24,7.17,407,81,233,0.7531,1.0
Zinc,26.14,7.06,375,122,107,2.133,1.0
Steel,79.53,7.82,251,64,928,0.1267,0.6405
PTFE,14.25,2.15,292,69,835,0.4103,1.0
Brass,46.61,8.54,201,171,694,0.2045,1.0
Titanium,88.36,4.49,42,13,673,0.0429,0.2367
Titanium,92.76,4.52,663,109,964,0.1614,1.0
Bronze,61.33,8.61,293,196,53,2.2779,1.0
CastIron,82.62,7.1,738,91,544,0.3337,0.8315
Titanium,83.04,4.49,632,111,173,0.675,0.9728
Titanium,76.8,4.6,183,12,352,0.1692,0.1615
CastIron,87.17,7.34,770,164,321,0.5842,1.0
Inconel,94.4,8.12,800,45,664,0.129,0.5271
Tungsten,96.63,19.26,190,189,882,0.1326,1.0
Titanium,81.38,4.43,733,78,279,0.4357,0.7508
Graphite,25.0,2.12,604,26,327,0.4042,0.9588
Brass,45.71,8.47,380,181,782,0.3319,1.0
Copper,53.43,8.95,94,186,752,0.2025,1.0
Zinc,27.85,7.08,403,54,587,0.2733,1.0
Inconel,90.89,8.27,552,86,283,0.4238,0.9055
Aluminum,42.27,2.67,796,10,795,0.1282,0.319
Zinc,26.2,7.06,460,85,274,0.8793,1.0
Steel,78.5,7.87,108,164,285,0.2006,1.0
Steel,78.66,7.86,454,5,503,0.1817,0.1707
Aluminum,45.87,2.74,177,156,521,0.3023,1.0
Titanium,92.61,4.6,749,165,889,0.225,1.0
Steel,74.46,7.87,645,31,198,0.2728,0.3566
Bronze,60.95,8.89,546,5,131,0.115,0.2495
Aluminum,50.45,2.74,262,118,370,0.3258,1.0
Aluminum,48.73,2.73,61,34,537,0.0998,0.745
Aluminum,50.07,2.76,52,145,651,0.1592,1.0
Aluminum,40.31,2.7,523,197,98,3.4154,1.0
Steel,77.0,7.88,613,84,190,0.4749,0.7957
Steel,69.8,7.89,200,70,57,0.5506,1.0
Magnesium,32.67,1.69,624,82,667,0.4482,1.0
Aluminum,49.39,2.74,280,146,179,0.6289,1.0
Tungsten,92.87,19.03,689,102,191,0.6676,0.8811
Zinc,25.52,7.09,292,141,375,0.6171,1.0
Bronze,59.99,8.76,669,86,914,0.1589,1.0
PTFE,12.87,2.17,694,119,311,2.7749,1.0
PTFE,11.69,2.3,57,131,917,0.209,1.0
Nickel,70.77,8.75,148,101,886,0.0401,1.0
Steel,78.4,7.82,623,11,113,0.2602,0.2843
Steel,79.36,7.77,117,185,801,0.0983,1.0
Magnesium,41.01,1.61,619,193,336,1.179,1.0
CastIron,72.99,7.3,741,162,178,1.29,1.0
Copper,50.14,8.92,490,188,840,0.3329,1.0
Steel,65.49,7.72,244,179,767,0.2544,1.0
Inconel,80.4,8.37,76,169,345,0.2183,1.0
Tungsten,96.55,19.17,408,39,582,0.2213,0.4433
Graphite,21.91,2.11,507,19,859,0.2269,0.8626
Graphite,19.23,2.14,390,183,587,0.9574,1.0
Ceramic,85.21,3.89,556,86,642,0.2437,0.9536
CastIron,71.52,7.04,714,33,138,0.4179,0.4647
Ceramic,93.0,3.89,421,171,939,0.2029,1.0
Tungsten,97.06,19.34,194,27,161,0.1843,0.344
Magnesium,38.19,1.63,382,21,486,0.0763,0.4324
Zinc,32.28,7.08,445,193,909,0.4388,1.0
Zinc,29.25,7.04,197,170,603,0.3387,1.0
Magnesium,41.03,1.69,793,169,872,0.6336,1.0
Steel,83.09,7.86,348,60,260,0.2602,0.6034
Inconel,84.41,8.45,180,17,878,0.0823,0.28
Nickel,60.59,8.75,450,136,84,1.6695,1.0
Ceramic,87.24,3.67,44,176,436,0.146,1.0
Brass,52.77,8.61,390,56,689,0.1729,0.8159
Graphite,18.23,2.0,234,44,335,0.2703,1.0
Graphite,22.72,1.89,134,73,489,0.3021,1.0
Steel,78.88,7.77,531,29,557,0.1849,0.5069
Nickel,65.67,8.82,384,98,842,0.2746,1.0
Magnesium,38.78,1.65,402,16,722,0.1771,0.4718
Inconel,80.46,8.43,690,45,128,0.4192,0.5379
Zinc,29.5,7.06,177,19,229,0.076,0.7756
Titanium,81.85,4.49,355,18,354,0.0442,0.475
Brass,61.33,8.36,216,139,459,0.2809,1.0
Titanium,92.45,4.58,281,119,548,0.1052,0.9659
Aluminum,43.4,2.78,701,34,222,0.4345,0.8691
Zinc,31.31,7.1,634,85,365,0.6366,1.0
Copper,48.61,8.94,395,47,209,0.346,0.932
Zinc,30.53,7.1,32,116,629,0.0669,1.0
Copper,38.45,9.0,281,117,106,1.1677,1.0
Zinc,35.31,7.2,172,172,550,0.3887,1.0
Nickel,61.38,8.87,574,38,97,0.4814,0.665
Titanium,90.89,4.57,420,115,271,0.334,1.0
Inconel,87.33,8.26,452,141,222,0.4849,1.0
Nickel,63.54,8.81,684,143,226,1.0152,1.0
Graphite,21.55,2.16,383,23,258,0.2681,0.9424
Nickel,75.62,8.87,497,96,780,0.1737,1.0
PTFE,13.21,2.14,655,57,968,0.4182,1.0
Brass,52.05,8.48,216,47,438,0.0671,0.9165
Bronze,61.62,8.79,530,125,197,0.7683,1.0
Brass,62.61,8.53,297,196,347,0.4501,1.0
Inconel,90.32,8.24,183,109,109,0.3029,1.0
PTFE,9.55,2.24,671,79,752,1.0343,1.0
Inconel,89.14,8.3,194,23,61,0.1168,0.347
Titanium,75.07,4.53,285,103,761,0.1274,1.0
Magnesium,34.03,1.8,108,119,726,0.2387,1.0
Graphite,23.33,2.1,419,139,430,0.8558,1.0
Tungsten,95.81,19.04,347,29,550,0.1674,0.3866
Aluminum,40.22,2.77,215,175,452,0.4056,1.0
Graphite,24.74,2.18,605,110,824,0.4826,1.0
Zinc,28.44,7.14,406,62,403,0.45,1.0
Tungsten,96.23,19.06,457,145,801,0.2002,1.0
Brass,52.17,8.62,468,133,583,0.433,1.0
Graphite,10.02,2.09,756,106,853,1.2716,1.0
Steel,78.59,7.81,44,180,391,0.065,1.0
Zinc,38.12,7.01,282,77,657,0.1895,1.0
CastIron,87.65,7.39,435,144,885,0.2972,1.0
Bronze,74.21,8.66,592,53,899,0.2355,0.676
Tungsten,94.0,19.29,46,188,780,0.0988,1.0
CastIron,72.82,7.13,59,183,86,0.3825,1.0
Titanium,78.43,4.43,85,39,992,0.0342,0.4631
Bronze,62.29,8.88,401,13,156,0.2202,0.1928
Inconel,91.98,8.24,627,174,56,2.7961,1.0
Graphite,23.3,1.89,291,35,485,0.2385,1.0
Zinc,34.01,7.16,187,146,278,0.4606,1.0
Nickel,75.98,8.71,63,104,495,0.075,1.0
Bronze,65.79,8.72,331,131,854,0.1459,1.0
Bronze,72.76,8.79,200,15,763,0.1818,0.3022
Aluminum,50.88,2.69,366,63,420,0.1604,0.9156
Steel,73.44,7.72,299,152,55,1.4805,1.0
Tungsten,98.05,19.22,546,74,192,0.3023,0.7959
Zinc,36.2,7.15,640,77,337,0.5199,1.0
Graphite,21.68,1.89,528,178,858,0.6583,1.0
Titanium,77.3,4.59,421,108,592,0.2383,1.0
CastIron,74.79,7.35,34,164,306,0.1974,1.0
Magnesium,41.24,1.68,475,102,686,0.3771,1.0
Ceramic,91.88,3.97,769,97,413,0.4029,1.0
CastIron,72.53,7.22,191,104,931,0.16,1.0
Nickel,74.01,8.8,765,140,531,0.4921,1.0
Tungsten,95.95,19.12,28,153,75,0.0856,1.0
Nickel,70.15,8.9,266,5,359,0.0297,0.1389
Brass,64.01,8.6,690,13,684,0.1712,0.4448
Brass,50.92,8.53,694,178,265,1.3427,1.0
PTFE,10.38,2.12,370,80,895,0.5476,1.0
Steel,75.22,7.79,787,156,571,0.4856,1.0
Nickel,67.73,8.86,332,9,799,0.1729,0.1929
Ceramic,96.01,3.78,631,197,874,0.3439,1.0
Ceramic,89.96,3.7,690,98,135,0.824,0.8484
Titanium,80.33,4.51,370,167,970,0.231,1.0
Copper,46.83,8.88,503,72,457,0.3216,1.0
Zinc,38.47,7.08,733,46,810,0.2266,1.0
PTFE,7.45,2.16,432,83,342,1.9184,1.0
Aluminum,46.83,2.66,696,174,689,0.6476,1.0
Copper,38.13,8.89,543,185,258,1.3689,1.0
Ceramic,93.93,3.89,229,22,530,0.0634,0.3748
Copper,51.33,8.86,650,159,606,0.4885,1.0
Tungsten,99.24,19.17,406,28,114,0.155,0.25
Nickel,78.79,8.79,473,64,338,0.3098,0.6753
Graphite,23.1,1.95,37,144,839,0.0508,1.0
Nickel,65.13,8.86,329,10,458,0.1178,0.3725
Bronze,55.27,8.79,752,104,516,0.4225,1.0
Ceramic,98.97,3.69,504,116,946,0.2385,0.8379
Ceramic,86.97,3.52,537,56,602,0.207,0.5446
Brass,59.93,8.36,570,99,114,1.127,1.0
Brass,59.02,8.39,469,122,451,0.408,1.0
CastIron,78.57,7.31,146,139,90,0.393,1.0
Magnesium,42.9,1.71,671,157,820,0.4371,1.0
Nickel,73.6,8.81,605,198,107,2.0459,1.0
Bronze,60.91,8.62,234,68,678,0.0686,0.7997
Aluminum,50.61,2.78,505,184,100,2.4376,1.0
Bronze,73.03,8.87,382,111,92,0.982,1.0
Zinc,28.35,7.05,165,127,593,0.174,1.0
Bronze,66.59,8.88,528,78,440,0.2086,1.0
Ceramic,99.99,3.65,526,59,619,0.0731,0.4909
Magnesium,43.89,1.79,384,29,332,0.1578,0.5199
Inconel,85.26,8.22,306,124,814,0.1424,1.0
Steel,72.46,7.7,97,53,672,0.1959,0.8016
CastIron,73.18,7.27,337,142,280,0.3666,1.0
Magnesium,31.23,1.75,483,132,810,0.4457,1.0
Zinc,25.81,7.11,27,186,551,0.2269,1.0
Zinc,32.03,7.09,205,139,275,0.6017,1.0
Aluminum,44.83,2.73,53,74,533,0.1417,1.0
Ceramic,89.41,3.54,333,103,831,0.1577,1.0
Bronze,58.96,8.69,668,188,694,0.5346,1.0
PTFE,7.91,2.28,161,161,289,1.5478,1.0
Ceramic,98.74,3.51,396,87,909,0.2047,0.8329
Aluminum,41.5,2.61,561,117,236,1.0319,1.0
Inconel,89.3,8.19,502,177,946,0.2014,1.0
Brass,57.83,8.69,131,99,965,0.0484,1.0
PTFE,9.36,2.28,540,175,456,2.9201,1.0
PTFE,6.81,2.24,678,170,728,2.9241,1.0
Bronze,62.23,8.68,405,94,443,0.3174,1.0
Aluminum,40.29,2.75,677,148,295,1.1082,1.0
Inconel,93.8,8.41,185,63,527,0.1937,0.6332
PTFE,10.1,2.27,668,182,205,7.5274,1.0
Aluminum,49.73,2.61,404,161,537,0.3854,1.0
Magnesium,32.74,1.84,348,61,76,1.1734,1.0
Steel,65.87,7.89,515,185,253,0.887,1.0
Titanium,76.73,4.45,573,81,792,0.1781,0.799
Copper,36.95,8.86,305,47,154,0.4549,1.0
Bronze,55.58,8.88,572,68,942,0.2586,0.9745
Tungsten,95.85,19.2,698,132,701,0.3109,0.976
Tungsten,94.06,19.11,191,139,66,0.696,1.0
Ceramic,89.67,3.88,589,141,403,0.4098,1.0
Tungsten,98.22,19.32,708,79,955,0.2106,0.6826
CastIron,78.54,7.38,354,183,967,0.2598,1.0
Brass,64.92,8.61,194,72,110,0.313,0.8159
Tungsten,98.11,19.21,456,62,672,0.0802,0.6285
Tungsten,91.43,19.05,249,100,308,0.2538,1.0
Brass,64.31,8.51,528,18,267,0.1006,0.41
Titanium,78.87,4.46,297,140,932,0.179,1.0
CastIron,83.51,7.07,166,46,220,0.2037,0.4619
Ceramic,87.86,3.61,147,12,670,0.0356,0.3737
Tungsten,90.1,19.01,453,103,474,0.2105,1.0
Zinc,34.76,7.01,120,112,603,0.1054,1.0
Aluminum,45.4,2.68,501,95,500,0.3901,1.0
Inconel,94.66,8.12,158,149,151,0.2393,1.0
Brass,60.9,8.67,213,184,926,0.099,1.0
Magnesium,34.61,1.81,592,42,794,0.2054,1.0
Steel,74.41,7.81,513,37,204,0.2625,0.5486
Graphite,15.08,2.18,38,103,479,0.0979,1.0
Steel,75.19,7.8,282,94,468,0.2349,1.0
Brass,45.19,8.34,467,92,60,2.011,1.0
Ceramic,92.38,3.97,562,186,565,0.2718,1.0
Brass,58.96,8.45,271,101,893,0.2039,1.0
Ceramic,93.21,3.92,500,143,216,0.5623,1.0
Brass,49.03,8.33,593,188,599,0.644,1.0
Tungsten,92.54,19.05,385,11,728,0.0743,0.4071
Tungsten,95.47,19.32,737,31,761,0.1661,0.5213
Steel,79.08,7.71,794,183,884,0.3149,1.0
Brass,53.62,8.38,728,65,765,0.3137,0.9873
Ceramic,92.01,3.9,721,71,808,0.2368,0.7131
Tungsten,97.77,19.07,195,189,843,0.2286,1.0
Nickel,76.75,8.88,107,96,190,0.1586,1.0
Copper,50.48,8.97,186,5,421,0.0946,0.3743
CastIron,89.56,7.35,628,63,954,0.1562,0.7469
Magnesium,42.2,1.81,56,43,982,0.1582,0.8039
Steel,82.27,7.78,548,76,731,0.2496,0.9255
Bronze,63.49,8.66,341,15,235,0.1114,0.4657
Zinc,25.38,7.13,363,163,66,4.5359,1.0
PTFE,7.73,2.17,136,70,541,0.4399,1.0
PTFE,12.33,2.2,639,139,713,1.3168,1.0
Inconel,88.42,8.15,658,26,300,0.2608,0.4065
Nickel,73.57,8.77,634,99,226,0.6546,1.0
Inconel,97.22,8.2,249,168,378,0.2908,1.0
Magnesium,38.66,1.87,686,28,929,0.1176,0.6664
Aluminum,52.84,2.76,303,53,681,0.1849,0.9001
Brass,58.34,8.7,406,115,558,0.2389,1.0
Zinc,27.38,7.0,789,26,535,0.2708,0.8689
Zinc,32.83,7.04,89,41,93,0.2246,1.0
Magnesium,37.01,1.83,155,165,506,0.2744,1.0
Magnesium,38.33,1.67,663,200,146,3.0311,1.0
Graphite,15.39,1.88,164,57,126,0.6929,1.0
Magnesium,33.53,1.88,61,177,389,0.2413,1.0
Titanium,93.26,4.58,392,124,558,0.194,1.0
Tungsten,95.16,19.4,181,190,837,0.1093,1.0
Graphite,19.3,2.08,746,33,237,0.8142,1.0
Bronze,58.94,8.63,383,24,77,0.4329,0.4168
Magnesium,40.31,1.82,682,43,495,0.3196,0.8254
PTFE,5.17,2.15,683,31,75,6.956,1.0
Aluminum,51.67,2.74,30,113,941,0.0359,1.0
Magnesium,31.68,1.84,791,87,520,0.6709,1.0
Inconel,85.11,8.22,774,106,646,0.329,0.9622
Bronze,55.07,8.75,598,173,960,0.2702,1.0
Titanium,85.41,4.54,544,150,233,0.6449,1.0
Ceramic,94.12,3.7,453,177,600,0.2514,1.0
Magnesium,39.22,1.79,523,87,780,0.2125,1.0
Steel,82.09,7.87,782,106,810,0.1848,1.0
CastIron,71.75,7.33,659,136,331,0.5818,1.0
Copper,39.67,8.82,338,119,468,0.4539,1.0
Brass,61.63,8.31,726,5,868,0.0918,0.3358
CastIron,79.89,7.23,216,154,644,0.2325,1.0
Steel,81.98,7.89,704,104,150,0.9195,0.9618
Steel,81.02,7.8,435,153,853,0.2952,1.0
Brass,49.95,8.67,279,170,252,0.6177,1.0
Nickel,67.3,8.83,532,34,895,0.0899,0.4034
Graphite,23.98,1.87,625,18,752,0.2766,0.5523
Nickel,76.34,8.79,508,51,806,0.0786,0.5159
Zinc,36.39,7.16,712,117,643,0.5583,1.0
Tungsten,90.3,19.05,750,45,714,0.1853,0.4894
PTFE,5.44,2.16,674,168,800,3.4225,1.0
Copper,41.63,8.83,229,15,75,0.3042,0.3134
Nickel,62.71,8.73,202,107,829,0.2465,1.0
Bronze,59.72,8.89,361,134,603,0.1915,1.0
Inconel,91.73,8.49,179,154,412,0.141,1.0
PTFE,12.19,2.3,99,5,616,0.1237,0.5896
PTFE,5.81,2.19,346,51,860,0.5004,1.0
Zinc,36.68,7.09,756,198,287,1.8361,1.0
Graphite,21.71,2.01,650,60,613,0.4634,1.0
Brass,47.76,8.65,782,114,397,0.6494,1.0
CastIron,89.44,7.18,389,8,301,0.1819,0.4061
Ceramic,90.85,3.58,266,23,570,0.0979,0.2988
Ceramic,94.18,3.96,189,95,515,0.1668,0.7449
Nickel,75.24,8.84,669,140,464,0.4668,1.0
Copper,41.67,8.89,372,9,493,0.1915,0.3387
Steel,69.39,7.8,322,128,368,0.2493,1.0
Graphite,13.88,1.82,547,59,583,0.6093,1.0
Zinc,32.56,7.01,604,20,570,0.244,0.6966
PTFE,9.81,2.17,531,121,1000,1.008,1.0
Inconel,82.27,8.37,777,116,82,1.7048,1.0
Graphite,22.76,2.08,386,195,156,2.8256,1.0
Aluminum,50.33,2.62,700,76,492,0.4225,1.0
Tungsten,93.27,19.34,599,113,555,0.2806,0.9106
Ceramic,91.44,3.57,662,10,944,0.155,0.2318
Aluminum,41.17,2.68,44,122,350,0.2042,1.0
Bronze,54.63,8.78,184,200,85,1.0981,1.0
Steel,65.32,7.84,579,103,318,0.5444,1.0
Magnesium,35.46,1.64,49,178,338,0.2122,1.0
Magnesium,35.06,1.89,279,188,844,0.2414,1.0
Bronze,50.33,8.7,666,117,480,0.4329,1.0
Titanium,84.4,4.47,42,181,110,0.1823,1.0
Ceramic,96.79,3.52,517,103,432,0.3529,0.9285
Zinc,36.53,7.05,585,88,565,0.332,1.0
Tungsten,91.87,19.32,165,44,272,0.0563,0.4902
Magnesium,36.44,1.85,768,101,639,0.6064,1.0
Tungsten,98.85,19.35,466,56,698,0.1653,0.5872
Zinc,34.69,7.19,79,198,193,0.3031,1.0
CastIron,75.94,7.31,572,69,290,0.3648,0.8101
Ceramic,88.04,3.72,342,64,177,0.192,0.8327
Inconel,82.78,8.47,325,75,408,0.1779,0.9182
Ceramic,90.4,3.81,118,82,557,0.2192,0.8575
Steel,83.99,7.77,43,59,55,0.2112,0.5936
Tungsten,94.21,19.31,370,150,695,0.1449,1.0
Steel,81.54,7.77,173,129,176,0.2727,1.0
Brass,54.8,8.55,62,129,228,0.1605,1.0
Brass,45.72,8.58,701,190,893,0.4475,1.0
Copper,43.44,8.98,786,180,909,0.5816,1.0
Bronze,60.55,8.74,502,23,246,0.1227,0.4109
Brass,51.86,8.38,773,32,175,0.4078,0.4918
Bronze,61.08,8.64,611,20,737,0.0679,0.2882
Titanium,75.19,4.52,441,18,920,0.0475,0.3133
Aluminum,53.7,2.72,352,66,503,0.2991,0.9824
CastIron,75.44,7.07,90,144,991,0.0591,1.0
Graphite,14.12,1.91,537,165,788,1.1914,1.0
Aluminum,44.5,2.65,258,20,835,0.0377,0.6217
CastIron,85.02,7.11,791,92,602,0.2473,0.8138
Aluminum,55.34,2.73,627,87,932,0.2992,1.0
Bronze,72.57,8.85,675,191,861,0.3563,1.0
PTFE,12.98,2.14,289,196,299,1.881,1.0
Copper,46.8,8.89,546,179,709,0.4382,1.0
Nickel,67.32,8.71,710,192,168,1.6117,1.0
Copper,52.41,8.99,305,162,525,0.4056,1.0
Tungsten,99.43,19.08,786,169,433,0.503,1.0
Copper,43.18,8.86,125,189,611,0.182,1.0
Tungsten,96.88,19.15,475,109,331,0.2179,1.0
Steel,84.7,7.85,229,184,763,0.2595,1.0
Nickel,66.72,8.75,490,183,974,0.2276,1.0
Nickel,74.14,8.74,550,67,928,0.1532,0.8914
Copper,41.95,8.9,798,168,745,0.7109,1.0
Brass,61.44,8.38,642,66,738,0.2699,0.8
Tungsten,99.65,19.32,103,63,260,0.1796,0.6608
Inconel,88.84,8.46,261,135,204,0.2745,1.0
Nickel,78.75,8.84,453,141,137,0.9064,1.0
Steel,69.38,7.88,567,66,834,0.1477,0.8021
Titanium,89.38,4.48,634,39,272,0.2859,0.6312
PTFE,12.5,2.25,462,193,472,1.9638,1.0
PTFE,8.69,2.29,486,118,671,1.262,1.0
Aluminum,40.04,2.72,742,132,420,0.7481,1.0
Ceramic,95.52,3.75,197,100,347,0.2235,0.8809
Steel,82.37,7.74,538,8,737,0.0756,0.2599
Tungsten,95.01,19.03,236,76,787,0.0782,0.6697
PTFE,6.37,2.23,43,9,795,0.1861,1.0
Inconel,80.43,8.22,729,27,278,0.2483,0.4365
Brass,47.0,8.38,440,110,241,0.6698,1.0
Copper,52.22,8.96,718,55,262,0.447,0.8684
Magnesium,35.26,1.86,523,26,530,0.1824,0.7373
Zinc,32.09,7.01,474,188,72,4.9236,1.0
Zinc,34.21,7.1,791,122,147,2.4636,1.0
Aluminum,50.62,2.67,85,165,703,0.1899,1.0
Titanium,86.77,4.55,468,124,489,0.3283,1.0
PTFE,10.15,2.15,265,139,78,5.9023,1.0
Inconel,95.54,8.39,328,166,598,0.2973,1.0
Graphite,13.95,2.05,538,200,294,3.3505,1.0
Inconel,93.68,8.45,63,144,998,0.0416,1.0
Copper,39.97,8.88,571,194,107,3.2831,1.0
Magnesium,44.7,1.77,684,103,345,0.7028,1.0
Magnesium,38.06,1.77,347,80,466,0.2903,1.0
Nickel,78.59,8.76,394,163,445,0.2834,1.0
Nickel,68.6,8.86,281,40,408,0.1844,0.5061
Ceramic,88.44,3.62,333,102,545,0.1547,0.8256
Copper,52.48,8.85,429,196,562,0.4981,1.0
Brass,59.18,8.49,798,32,491,0.2056,0.5653
Nickel,71.13,8.77,32,69,890,0.0866,0.8738
Nickel,69.11,8.73,167,62,505,0.1982,0.8907
Brass,59.45,8.38,532,160,459,0.4187,1.0
Inconel,86.09,8.44,695,52,127,0.4845,0.6559
Copper,37.45,8.97,594,166,232,1.6104,1.0
Inconel,85.68,8.17,591,69,272,0.3937,0.881
Bronze,57.94,8.65,254,113,209,0.4462,1.0
Bronze,54.71,8.82,583,142,419,0.496,1.0
Aluminum,46.3,2.69,690,164,290,1.2093,1.0
Steel,84.09,7.73,617,79,394,0.2575,0.7539
CastIron,70.36,7.29,37,16,75,0.0982,0.407
Aluminum,40.77,2.63,405,106,498,0.4055,1.0
Inconel,92.62,8.28,269,85,496,0.2208,0.9213
Tungsten,93.27,19.36,465,28,313,0.1188,0.3122
Copper,47.4,8.93,255,55,455,0.1506,1.0
Brass,59.12,8.38,686,51,208,0.4174,0.8873
Graphite,13.01,1.98,297,121,962,0.3848,1.0
Tungsten,99.41,19.24,90,44,186,0.0393,0.5615
Nickel,63.29,8.78,512,172,337,0.6067,1.0
Bronze,63.31,8.86,288,78,955,0.2018,1.0
Graphite,15.29,2.13,554,23,75,1.4568,1.0
Bronze,62.58,8.63,521,74,209,0.5025,0.8749
Aluminum,52.27,2.62,107,63,368,0.0801,0.9053
Copper,51.81,8.92,100,39,878,0.128,0.651
PTFE,12.57,2.13,408,137,399,1.5927,1.0
Magnesium,42.45,1.61,89,33,657,0.0994,0.6561
Magnesium,39.86,1.8,596,59,252,0.5614,1.0
PTFE,11.59,2.29,477,164,165,5.3008,1.0
CastIron,75.77,7.39,651,66,54,1.4247,0.6676
Zinc,29.69,7.01,245,83,298,0.3901,1.0
Graphite,16.54,2.1,416,135,236,1.9889,1.0
Ceramic,90.35,3.5,570,154,846,0.3386,1.0
Graphite,13.53,1.95,461,5,535,0.1715,0.4385
Inconel,91.13,8.18,339,5,97,0.0628,0.2427
PTFE,13.75,2.2,205,19,384,0.1814,1.0
Magnesium,34.08,1.83,248,137,704,0.2005,1.0
Nickel,72.11,8.77,779,39,303,0.3259,0.4963
Ceramic,98.54,3.55,798,11,365,0.0406,0.2681
Magnesium,35.46,1.8,392,90,650,0.3468,1.0
Titanium,75.23,4.51,291,118,421,0.2642,1.0
Copper,50.05,8.98,789,61,805,0.2971,0.8876
Graphite,11.8,1.92,41,93,444,0.1912,1.0
Graphite,12.73,1.85,57,188,507,0.326,1.0
Graphite,16.66,1.98,325,140,877,0.5724,1.0
Steel,78.32,7.78,147,136,131,0.432,1.0
Copper,44.56,8.83,352,101,911,0.215,1.0
Zinc,37.18,7.14,457,158,823,0.3406,1.0
Brass,46.1,8.46,220,45,740,0.2016,0.9372
Magnesium,36.56,1.66,709,157,310,1.3438,1.0
Tungsten,91.11,19.36,501,115,272,0.4682,0.9654
Zinc,25.22,7.06,547,90,680,0.4338,1.0
Brass,57.15,8.66,218,86,758,0.1866,1.0
Bronze,64.55,8.63,594,57,781,0.2366,0.7333
CastIron,89.9,7.04,338,92,540,0.1452,0.9225
Brass,60.42,8.42,781,184,675,0.622,1.0
Steel,79.7,7.75,606,155,124,1.3394,1.0
Zinc,34.2,7.18,386,63,491,0.2353,1.0
Brass,61.68,8.54,243,55,306,0.1027,0.7288
CastIron,87.03,7.01,79,177,910,0.0926,1.0
Tungsten,91.42,19.23,666,158,844,0.3566,1.0
Copper,52.18,8.9,391,139,944,0.2596,1.0
CastIron,72.34,7.13,717,8,233,0.1757,0.1481
Zinc,39.51,7.1,600,17,102,0.4429,0.4109
Titanium,80.76,4.55,797,163,720,0.3767,1.0
CastIron,71.25,7.29,696,156,767,0.3478,1.0
Steel,81.24,7.72,143,160,792,0.1409,1.0
Steel,70.17,7.85,547,100,233,0.4452,1.0
Tungsten,91.41,19.07,392,62,756,0.0724,0.763
Aluminum,47.05,2.73,705,97,478,0.4536,1.0
Nickel,64.46,8.74,302,75,387,0.1297,0.9411
Zinc,25.56,7.2,241,137,748,0.3842,1.0
Zinc,28.81,7.1,394,63,210,0.5816,1.0
Bronze,70.57,8.83,149,137,155,0.4119,1.0
Aluminum,41.41,2.65,338,169,453,0.4108,1.0
Magnesium,41.55,1.63,123,40,672,0.1199,0.7284
Copper,42.29,8.93,83,115,868,0.2234,1.0
Titanium,78.51,4.57,262,184,639,0.2446,1.0
PTFE,9.41,2.24,601,102,810,1.1548,1.0
Titanium,87.53,4.57,546,29,528,0.1235,0.5296
Brass,60.83,8.43,168,22,166,0.1448,0.5172
Aluminum,57.23,2.63,317,149,581,0.3752,1.0
Magnesium,30.25,1.86,36,125,602,0.1114,1.0
Brass,52.29,8.65,296,44,906,0.0647,0.8121
Tungsten,97.35,19.37,145,73,537,0.129,0.628
Zinc,35.86,7.02,737,186,797,0.7392,1.0
Ceramic,93.54,3.65,758,114,192,0.7268,0.9843
Ceramic,90.7,3.77,255,191,578,0.1968,1.0
Tungsten,97.77,19.3,583,132,503,0.3527,0.9724
Magnesium,38.12,1.68,415,194,970,0.3949,1.0
PTFE,7.86,2.23,172,176,805,0.6721,1.0
CastIron,75.72,7.01,145,130,336,0.131,1.0
Nickel,64.77,8.7,303,198,630,0.306,1.0
Zinc,26.9,7.15,373,133,174,1.5108,1.0
PTFE,9.02,2.16,181,128,799,0.5739,1.0
Brass,56.25,8.35,578,189,175,1.5312,1.0
Inconel,83.95,8.36,657,174,689,0.3891,1.0
Zinc,33.44,7.04,685,149,595,0.6668,1.0
Zinc,39.2,7.17,245,50,390,0.1206,1.0
PTFE,6.11,2.27,401,58,244,2.0414,1.0
Inconel,94.37,8.48,638,150,325,0.5388,1.0
CastIron,86.31,7.39,360,31,170,0.2511,0.5763
Zinc,28.68,7.01,337,79,611,0.2934,1.0
Ceramic,89.89,3.67,120,49,387,0.1266,0.6876
Inconel,84.64,8.2,161,148,55,0.6644,1.0
Inconel,96.32,8.29,342,191,346,0.3076,1.0
CastIron,86.91,7.36,344,13,278,0.1086,0.2309
Bronze,53.84,8.74,84,165,538,0.1912,1.0
Bronze,58.18,8.78,393,110,913,0.1588,1.0
Tungsten,90.45,19.08,188,126,531,0.0791,1.0
Inconel,85.41,8.12,715,69,686,0.1898,0.6628
Tungsten,92.07,19.34,85,181,982,0.0507,1.0
Magnesium,42.31,1.7,56,85,555,0.2215,1.0
Brass,47.08,8.3,694,178,220,1.5212,1.0
Titanium,78.33,4.44,367,90,888,0.1469,1.0
Steel,71.47,7.77,798,177,264,1.0071,1.0
Zinc,30.98,7.18,88,111,119,0.4757,1.0
Inconel,90.62,8.21,455,139,330,0.3743,1.0
Tungsten,94.61,19.1,423,131,534,0.2321,1.0
Tungsten,96.64,19.21,449,185,178,0.6676,1.0
Titanium,86.18,4.48,88,115,388,0.0963,1.0
Bronze,56.26,8.78,607,121,990,0.247,1.0
Magnesium,38.2,1.66,330,184,747,0.423,1.0
Ceramic,94.6,3.82,641,182,458,0.4789,1.0
CastIron,88.31,7.35,605,48,188,0.2493,0.5118
Ceramic,99.37,3.91,28,155,803,0.0697,1.0
Zinc,30.74,7.17,261,40,440,0.2548,1.0
Copper,43.2,8.98,668,22,515,0.2026,0.4529
Tungsten,91.84,19.09,555,112,338,0.3452,1.0
Graphite,15.13,2.12,313,122,428,0.8754,1.0
Inconel,95.75,8.31,640,54,478,0.2049,0.6418
Ceramic,91.5,3.99,502,80,854,0.2303,0.9168
Magnesium,40.45,1.72,403,50,373,0.2026,1.0
Magnesium,31.79,1.7,297,123,378,0.4462,1.0
Brass,50.02,8.54,681,151,300,0.9851,1.0
Bronze,71.24,8.7,148,144,207,0.2558,1.0
Bronze,71.87,8.87,412,152,886,0.1656,1.0
Inconel,86.75,8.37,377,18,346,0.0619,0.1939
Ceramic,99.88,3.82,704,20,685,0.1636,0.4315
Inconel,92.65,8.22,46,46,434,0.1481,0.6801
PTFE,6.29,2.24,606,147,252,7.1478,1.0
Tungsten,90.31,19.09,461,111,823,0.2402,1.0
Titanium,75.91,4.43,528,199,804,0.3038,1.0
Inconel,83.06,8.42,764,79,467,0.2886,0.912
Magnesium,34.67,1.65,792,117,949,0.5016,1.0
Titanium,77.13,4.43,374,108,170,0.4452,1.0
PTFE,6.84,2.27,221,153,325,1.9339,1.0
Copper,53.6,8.81,94,140,860,0.0796,1.0
PTFE,6.76,2.3,310,101,991,0.6833,1.0
Ceramic,90.37,3.88,354,96,428,0.2662,0.9322
Inconel,91.18,8.3,129,93,517,0.2267,0.9627
Magnesium,34.99,1.75,343,30,111,0.4724,0.6789
Tungsten,94.95,19.33,599,108,216,0.5072,0.9852
Steel,72.36,7.79,708,146,139,1.2992,1.0
Magnesium,44.19,1.68,772,168,822,0.4938,1.0
Magnesium,33.19,1.62,376,51,579,0.3069,1.0
Brass,49.48,8.36,180,132,452,0.2349,1.0
Graphite,20.02,2.17,128,112,295,0.314,1.0
Steel,83.68,7.82,666,79,92,0.967,0.7771
Inconel,91.14,8.12,311,83,570,0.1002,0.8389
Titanium,93.76,4.47,532,136,265,0.3802,1.0
Aluminum,52.05,2.61,60,97,213,0.2385,1.0
Brass,51.44,8.35,351,28,966,0.113,0.6723
Magnesium,36.83,1.9,565,85,126,1.443,1.0
Magnesium,32.52,1.7,360,28,695,0.2263,0.6973
Magnesium,31.78,1.8,798,177,587,0.9608,1.0
Tungsten,92.15,19.26,348,192,170,0.6372,1.0
Nickel,60.11,8.77,344,106,70,1.1929,1.0
Aluminum,49.21,2.63,199,51,896,0.2122,0.9677
CastIron,71.63,7.38,329,132,847,0.1828,1.0
Magnesium,33.82,1.69,158,27,796,0.0352,0.8444
Tungsten,95.42,19.28,108,75,338,0.2224,0.7927
Graphite,13.46,2.04,259,111,80,3.387,1.0
Tungsten,92.61,19.38,167,74,918,0.0765,0.6205
Inconel,81.76,8.24,767,103,663,0.3548,1.0
Copper,53.78,8.86,610,30,446,0.1731,0.4453
Inconel,93.91,8.1,794,180,57,3.3586,1.0
Copper,54.3,8.89,255,42,123,0.2238,0.8486
Magnesium,37.73,1.62,485,100,162,1.0559,1.0
Zinc,25.58,7.08,483,98,795,0.3506,1.0
PTFE,12.78,2.28,559,66,837,0.5094,1.0
Bronze,69.71,8.7,410,13,391,0.0636,0.3378
Ceramic,97.17,3.79,643,190,356,0.6197,1.0
Magnesium,40.63,1.65,134,191,758,0.1175,1.0
PTFE,5.26,2.23,245,30,460,0.4743,1.0
Brass,60.28,8.57,517,189,650,0.3412,1.0
Ceramic,95.18,3.64,780,44,929,0.1716,0.4838
Tungsten,96.08,19.16,86,97,661,0.0699,0.9893
Aluminum,43.07,2.64,406,49,286,0.3644,1.0
Copper,43.79,8.97,688,32,612,0.174,0.6685
Bronze,51.34,8.61,164,124,511,0.1975,1.0
Zinc,25.15,7.18,385,179,652,0.5915,1.0
CastIron,83.27,7.3,520,178,729,0.371,1.0
Inconel,88.64,8.49,350,133,293,0.2636,1.0
Titanium,81.8,4.4,319,69,549,0.1194,0.7077
Steel,69.64,7.88,105,62,559,0.1798,0.6677
Nickel,77.64,8.74,397,114,343,0.2473,1.0
Ceramic,94.19,3.68,530,110,476,0.3201,0.9372
Ceramic,91.77,3.61,437,77,712,0.1448,0.6156
Magnesium,44.27,1.75,568,132,65,3.2836,1.0
Zinc,30.71,7.06,114,137,224,0.3844,1.0
Graphite,12.71,2.15,339,199,901,0.8116,1.0
Ceramic,91.93,3.85,487,15,471,0.1098,0.4458
Bronze,65.4,8.75,403,69,315,0.3567,0.7543
Magnesium,39.03,1.77,120,15,495,0.0725,0.4938
Inconel,96.08,8.12,337,63,659,0.219,0.5107
CastIron,88.7,7.34,445,107,408,0.2296,1.0
Titanium,85.46,4.52,303,30,470,0.0601,0.5819
CastIron,79.41,7.39,287,75,253,0.3232,0.9452
Ceramic,94.18,3.72,490,30,197,0.1399,0.3976
PTFE,12.99,2.22,418,27,988,0.2783,1.0
Magnesium,34.7,1.89,686,8,67,0.4785,0.3177
Ceramic,88.12,3.62,599,115,487,0.3477,1.0
Brass,45.51,8.31,778,191,346,1.3699,1.0
Aluminum,52.07,2.67,800,54,534,0.2473,0.898
Aluminum,47.36,2.79,636,82,123,1.2937,1.0
CastIron,71.7,7.37,705,109,380,0.3819,1.0
Ceramic,89.49,3.91,651,30,920,0.1681,0.3766
Ceramic,89.79,3.76,788,6,176,0.1985,0.2596
Copper,47.17,8.87,194,95,263,0.367,1.0
Steel,77.6,7.79,650,143,215,0.71,1.0
CastIron,83.65,7.09,185,85,341,0.2292,0.9052
Magnesium,36.5,1.81,299,60,633,0.2171,1.0
Graphite,18.02,2.0,761,158,766,1.2157,1.0
Zinc,27.25,7.16,661,119,823,0.6108,1.0
Titanium,81.01,4.51,369,49,63,0.5378,0.4792
PTFE,5.99,2.28,747,76,136,8.8029,1.0
CastIron,78.37,7.04,677,175,636,0.3864,1.0
CastIron,75.6,7.2,596,48,924,0.1087,0.6168
Brass,56.67,8.47,223,169,179,0.5246,1.0
Aluminum,53.49,2.76,251,132,855,0.134,1.0
Brass,49.08,8.37,290,161,305,0.5377,1.0
Zinc,38.74,7.17,518,60,399,0.3361,1.0
Inconel,95.77,8.49,766,179,154,1.2831,1.0
Graphite,21.07,1.89,146,87,159,0.5997,1.0
Tungsten,95.85,19.21,391,126,688,0.1601,1.0
Zinc,26.86,7.13,584,135,971,0.5658,1.0
Nickel,65.05,8.86,696,109,835,0.2483,1.0
Copper,49.75,8.96,195,121,523,0.2334,1.0
Bronze,68.89,8.81,704,70,890,0.1258,0.9645
Zinc,27.77,7.06,423,26,252,0.2468,0.715
Graphite,19.75,1.97,403,139,954,0.3821,1.0
Bronze,56.65,8.7,797,179,866,0.5476,1.0
Graphite,23.26,2.13,211,70,122,0.744,1.0
Titanium,83.82,4.5,795,66,756,0.2207,0.6388
Copper,40.42,8.92,170,167,350,0.3345,1.0
Copper,53.03,8.85,377,109,926,0.2251,1.0
Zinc,30.76,7.06,257,6,835,0.1393,0.422
Bronze,59.53,8.61,70,20,345,0.1994,0.5342
Nickel,66.2,8.71,128,23,345,0.1202,0.2973
Steel,66.43,7.85,164,9,716,0.1334,0.3188
Aluminum,46.24,2.63,52,5,423,0.1725,0.169
Steel,77.4,7.76,43,23,371,0.034,0.3346
Titanium,78.15,4.54,359,56,841,0.194,0.6922
CastIron,70.79,7.16,532,116,360,0.4279,1.0
Tungsten,92.2,19.09,768,47,315,0.259,0.5552
Zinc,34.52,7.09,270,9,552,0.1215,0.4786
PTFE,14.5,2.24,290,27,368,0.2037,1.0
Steel,71.7,7.73,156,107,72,0.5968,1.0
Tungsten,96.34,19.31,490,92,485,0.192,0.9104
Tungsten,90.99,19.21,689,144,305,0.4915,1.0
Zinc,39.12,7.14,762,31,608,0.1996,0.6141
Inconel,97.19,8.2,594,22,820,0.1099,0.3065
Tungsten,98.5,19.39,789,119,74,1.6326,1.0
Tungsten,91.93,19.14,650,6,592,0.0603,0.2421
PTFE,10.54,2.1,376,97,141,3.1112,1.0
Nickel,74.31,8.84,140,183,107,0.5745,1.0
Brass,55.87,8.33,311,33,148,0.2169,0.6989
Graphite,23.45,1.96,162,87,859,0.1436,1.0
Aluminum,54.8,2.73,341,30,778,0.1182,0.5899
Nickel,73.53,8.76,784,95,660,0.3904,1.0
Nickel,73.5,8.79,587,37,910,0.1774,0.4316
Ceramic,94.02,3.58,359,139,342,0.2106,1.0
Brass,52.62,8.51,508,26,564,0.2202,0.6121
Bronze,64.52,8.88,86,71,444,0.1511,1.0
Copper,39.8,8.89,588,97,715,0.3505,1.0
Nickel,68.87,8.77,551,121,393,0.4711,1.0
Tungsten,96.58,19.15,677,144,834,0.1782,1.0
Inconel,96.61,8.14,386,19,610,0.18,0.3471
Magnesium,39.75,1.68,84,189,363,0.1746,1.0
Titanium,78.51,4.54,167,127,263,0.2948,1.0
Tungsten,95.44,19.04,663,92,173,0.6397,0.9025
PTFE,7.26,2.25,361,57,244,1.5377,1.0
Graphite,12.3,1.91,337,88,807,0.4443,1.0
PTFE,6.51,2.23,352,124,970,0.9357,1.0
Ceramic,91.17,3.55,249,94,868,0.1869,1.0
Tungsten,93.32,19.07,708,29,742,0.137,0.3261
Nickel,65.94,8.85,759,5,271,0.1076,0.2086
Steel,78.09,7.74,139,27,720,0.1217,0.3153
Tungsten,95.66,19.05,509,39,505,0.2503,0.4536
Zinc,27.3,7.12,121,12,505,0.1914,0.6169
Graphite,12.69,2.16,367,59,298,0.8749,1.0
Nickel,63.05,8.75,754,25,950,0.1517,0.331
Zinc,38.07,7.1,463,16,286,0.1261,0.3714
Inconel,90.28,8.11,679,196,982,0.2053,1.0
Brass,64.98,8.54,541,185,251,0.9558,1.0
Graphite,18.34,2.09,323,147,531,0.7147,1.0
Inconel,92.53,8.3,719,155,636,0.2833,1.0
Ceramic,93.9,3.75,553,24,711,0.1878,0.2634
Zinc,38.91,7.13,421,144,100,2.0776,1.0
CastIron,81.65,7.01,623,69,105,0.6712,0.8811
Magnesium,42.15,1.89,288,104,198,0.5132,1.0
Steel,71.12,7.84,294,22,765,0.0509,0.4339
Brass,60.79,8.33,609,58,70,1.0598,0.8604
Ceramic,96.24,3.75,101,128,908,0.1879,0.9777
Aluminum,52.76,2.69,628,200,674,0.475,1.0
Graphite,11.86,2.19,590,134,415,2.1413,1.0
Brass,61.87,8.5,37,31,885,0.081,0.4603
Graphite,19.75,2.01,172,193,769,0.3718,1.0
Magnesium,40.93,1.8,231,96,345,0.2208,1.0
PTFE,14.83,2.21,551,137,103,6.3481,1.0
Zinc,37.4,7.14,226,145,430,0.2711,1.0
CastIron,77.36,7.2,76,179,74,0.3466,1.0
Graphite,12.77,1.87,282,189,804,0.8163,1.0
Inconel,95.17,8.49,294,175,160,0.4953,1.0
CastIron,75.84,7.26,184,80,152,0.301,0.9486
Steel,75.61,7.85,57,150,957,0.0619,1.0
Copper,40.75,8.89,109,87,204,0.228,1.0
Aluminum,47.88,2.63,643,64,678,0.3236,0.9421
Zinc,36.78,7.03,530,16,650,0.1585,0.6137
CastIron,82.23,7.25,736,153,539,0.487,1.0
Copper,49.32,8.93,542,152,541,0.4401,1.0
PTFE,6.58,2.13,505,81,555,1.4991,1.0
Magnesium,40.12,1.71,283,190,504,0.3437,1.0
Graphite,24.45,1.98,283,52,894,0.1499,1.0
Nickel,77.83,8.85,747,7,930,0.2079,0.3316
Zinc,26.66,7.19,37,131,758,0.2148,1.0
Bronze,71.5,8.89,444,88,925,0.2576,0.9607
Graphite,23.35,2.09,262,171,289,0.9196,1.0
Zinc,28.37,7.04,717,84,596,0.5341,1.0
Copper,52.0,8.96,379,35,884,0.1171,0.7425
Magnesium,42.35,1.73,775,108,901,0.3193,1.0
Ceramic,88.92,3.97,627,53,935,0.1861,0.5001
Titanium,93.04,4.59,45,134,638,0.1541,1.0
Copper,51.09,8.83,453,28,885,0.1192,0.5052
Ceramic,91.92,3.58,758,35,582,0.159,0.4677
PTFE,10.93,2.18,314,44,877,0.3607,1.0
Zinc,35.04,7.16,589,14,208,0.2881,0.3735
PTFE,12.18,2.3,647,34,862,0.2818,1.0
Graphite,13.38,1.88,187,188,592,0.6582,1.0
Copper,54.84,8.93,155,24,471,0.2009,0.3839
Zinc,26.35,7.0,674,69,865,0.3128,1.0
Zinc,31.17,7.02,116,108,982,0.1617,1.0
Graphite,20.6,1.98,355,135,593,0.6221,1.0
Zinc,35.8,7.14,159,31,411,0.1679,0.756
Steel,70.55,7.79,525,15,167,0.1767,0.4636
Zinc,33.02,7.14,285,178,586,0.3577,1.0
Bronze,68.0,8.7,798,51,657,0.1741,0.6652
Brass,45.15,8.33,406,50,431,0.1843,1.0
Titanium,78.22,4.56,389,150,376,0.4462,1.0
Brass,59.64,8.48,277,134,677,0.2447,1.0
Inconel,97.27,8.47,74,194,817,0.0431,1.0
Magnesium,36.08,1.62,398,90,149,0.9078,1.0
Bronze,53.49,8.89,346,70,652,0.1084,1.0
Steel,72.14,7.73,232,196,242,0.4384,1.0
PTFE,12.76,2.28,598,100,788,0.79,1.0
Magnesium,42.36,1.73,560,125,888,0.2572,1.0
Ceramic,91.0,3.88,345,71,185,0.3754,0.6128
Copper,51.55,8.81,676,145,583,0.5317,1.0
PTFE,6.65,2.21,83,80,325,0.4609,1.0
Magnesium,38.95,1.64,77,161,947,0.1342,1.0
Brass,62.91,8.42,139,16,633,0.1745,0.2773
Inconel,91.53,8.21,185,96,722,0.0839,1.0
Inconel,87.17,8.25,559,59,271,0.2824,0.5918
Steel,79.26,7.85,627,67,922,0.1268,0.6248
CastIron,86.6,7.05,669,165,916,0.2854,1.0
Titanium,91.47,4.49,188,188,975,0.2299,1.0
PTFE,5.19,2.23,35,110,139,0.6888,1.0
Aluminum,53.15,2.63,483,169,677,0.4623,1.0
Aluminum,47.99,2.72,415,147,869,0.2956,1.0
Titanium,85.96,4.55,694,198,731,0.3665,1.0
Tungsten,90.92,19.35,84,112,132,0.1657,0.9431
Graphite,13.09,1.81,600,139,964,0.8586,1.0
Tungsten,93.79,19.15,598,130,212,0.5557,1.0
Graphite,18.88,1.86,733,149,768,1.042,1.0
Graphite,21.73,1.89,138,109,930,0.2447,1.0
Titanium,77.09,4.44,542,54,815,0.1592,0.7035
Nickel,63.98,8.76,725,65,446,0.2641,0.8094
Bronze,69.08,8.66,345,44,613,0.1486,0.6775
Zinc,36.69,7.09,268,187,625,0.3327,1.0
Brass,51.24,8.54,557,29,351,0.1797,0.6163
CastIron,80.54,7.26,133,117,730,0.151,1.0
Ceramic,97.8,3.95,250,113,519,0.1868,0.9715
Zinc,34.02,7.11,367,160,908,0.4324,1.0
Inconel,91.19,8.25,392,51,788,0.1034,0.4408
Graphite,18.88,1.84,371,109,781,0.5131,1.0
Ceramic,87.73,3.58,249,69,910,0.1938,0.6314
Steel,66.33,7.8,158,118,565,0.1596,1.0
Brass,63.8,8.51,752,145,435,0.5962,1.0
Brass,62.33,8.54,229,74,789,0.1853,1.0
CastIron,82.92,7.21,99,37,623,0.09,0.4511
Magnesium,37.5,1.78,573,25,308,0.2426,0.5309
Inconel,95.62,8.37,241,154,930,0.128,1.0
PTFE,14.08,2.26,585,61,623,0.5533,1.0
Steel,70.62,7.72,185,153,135,0.4491,1.0
Bronze,70.18,8.7,673,138,171,0.992,1.0
Brass,56.48,8.66,170,22,476,0.0732,0.5284
Graphite,16.98,1.84,597,130,98,5.8687,1.0
Titanium,90.51,4.56,217,198,516,0.279,1.0
PTFE,8.45,2.1,344,183,398,2.4189,1.0
CastIron,80.95,7.04,126,141,730,0.2016,1.0
CastIron,76.78,7.03,208,79,624,0.1011,0.8043
CastIron,79.24,7.01,641,145,371,0.5611,1.0
Bronze,65.06,8.64,611,72,543,0.2732,0.9377
Bronze,70.82,8.73,777,151,666,0.4892,1.0
PTFE,13.18,2.14,302,173,115,4.3278,1.0
Steel,82.15,7.85,786,24,308,0.1079,0.5169
Titanium,81.44,4.51,519,180,156,1.0536,1.0
Nickel,76.62,8.75,263,131,759,0.2054,1.0
PTFE,13.54,2.28,104,69,591,0.1728,1.0
Aluminum,49.49,2.62,387,49,140,0.3671,0.7367
Nickel,61.68,8.81,97,135,203,0.1474,1.0
Inconel,82.65,8.28,99,176,520,0.0755,1.0
Inconel,89.74,8.11,79,32,251,0.1088,0.2917
Zinc,26.24,7.19,174,144,242,0.6197,1.0
CastIron,72.31,7.03,536,66,554,0.1296,0.6925
Titanium,81.27,4.46,53,200,952,0.1293,1.0
Nickel,65.52,8.76,374,172,72,1.7569,1.0
CastIron,84.25,7.11,281,143,534,0.3,1.0
Inconel,82.02,8.22,572,181,103,1.7069,1.0
Steel,75.21,7.85,389,88,349,0.3007,0.9091
Copper,53.25,8.82,629,154,354,0.8197,1.0
Tungsten,90.32,19.28,552,116,135,0.7501,0.9937
Aluminum,56.39,2.72,274,123,348,0.2754,1.0
Brass,49.05,8.55,328,112,94,1.0221,1.0
Titanium,81.28,4.54,387,35,415,0.233,0.4938
Steel,74.2,7.9,140,73,458,0.0942,0.7994
Magnesium,41.14,1.78,183,168,208,0.6277,1.0
Graphite,13.58,1.94,336,166,785,0.8353,1.0
Magnesium,44.41,1.7,124,111,348,0.2626,1.0
Magnesium,30.52,1.73,229,160,542,0.4264,1.0
Aluminum,48.37,2.66,733,135,850,0.3432,1.0
CastIron,86.34,7.08,553,63,260,0.3038,0.7762
Graphite,24.14,1.88,432,104,578,0.4853,1.0
Titanium,80.22,4.58,373,8,395,0.1878,0.3864
Steel,78.38,7.76,505,182,146,1.1403,1.0
Aluminum,53.92,2.69,724,109,642,0.3499,1.0
Aluminum,47.15,2.69,56,169,244,0.1946,1.0
Brass,48.0,8.66,360,160,135,1.2909,1.0
Brass,62.42,8.38,192,109,114,0.4656,1.0
Copper,52.38,8.83,134,8,307,0.0909,0.2378
Graphite,11.42,2.1,585,198,486,2.7209,1.0
Bronze,51.34,8.77,510,17,128,0.3529,0.4741
Steel,73.39,7.76,254,62,732,0.0819,0.7723
Nickel,68.71,8.75,25,109,258,0.0579,1.0
CastIron,86.85,7.24,432,36,447,0.0841,0.6047
Ceramic,89.77,3.92,605,41,233,0.3299,0.645
CastIron,87.47,7.36,356,121,637,0.1255,1.0
Aluminum,51.74,2.62,739,167,723,0.532,1.0
Brass,51.31,8.57,59,150,260,0.2234,1.0
Steel,83.36,7.84,170,191,52,1.0213,1.0
PTFE,9.3,2.2,61,178,113,1.3222,1.0
Bronze,72.26,8.67,35,173,328,0.2245,1.0
Nickel,67.63,8.75,597,108,50,2.4294,1.0
Tungsten,98.27,19.24,80,99,913,0.1614,0.7596
Ceramic,98.28,3.82,221,144,148,0.4031,1.0
Bronze,55.02,8.69,676,137,56,3.8667,1.0
Ceramic,91.34,3.97,785,166,596,0.379,1.0
Nickel,60.17,8.71,69,74,571,0.0427,1.0
Titanium,80.04,4.51,230,92,209,0.1952,0.9423
Copper,45.58,8.89,510,91,401,0.4659,1.0
Steel,74.82,7.82,780,163,197,1.1625,1.0
Steel,76.71,7.89,565,17,567,0.0808,0.2047
Titanium,94.15,4.48,612,178,137,1.0708,1.0
Magnesium,39.37,1.79,71,91,669,0.1439,1.0
Nickel,61.19,8.73,208,195,405,0.3556,1.0
CastIron,77.99,7.15,76,116,265,0.1299,1.0
Magnesium,42.94,1.88,230,196,427,0.4799,1.0
Ceramic,90.77,3.81,660,171,587,0.3092,1.0
CastIron,82.48,7.03,457,145,510,0.2299,1.0
Zinc,36.05,7.14,100,197,403,0.2158,1.0
Nickel,79.87,8.83,618,66,897,0.2262,0.764
Tungsten,98.99,19.03,143,24,987,0.0966,0.2232
Bronze,68.56,8.73,785,154,870,0.3535,1.0
CastIron,83.37,7.24,298,91,168,0.412,0.7829
Nickel,75.89,8.78,252,133,889,0.2405,1.0
Brass,64.14,8.43,373,109,956,0.2425,1.0
Graphite,22.92,2.01,54,196,831,0.109,1.0
Magnesium,31.46,1.65,792,161,687,0.9279,1.0
Titanium,94.75,4.53,232,128,604,0.1488,0.9642
Bronze,69.64,8.76,155,197,977,0.1719,1.0
Tungsten,96.1,19.13,685,32,816,0.0868,0.332
Graphite,24.27,2.07,507,168,948,0.4822,1.0
Ceramic,87.44,3.97,98,149,947,0.0345,1.0
Zinc,30.04,7.04,462,106,874,0.3763,1.0
Tungsten,90.76,19.24,121,195,408,0.2164,1.0
Ceramic,96.51,3.54,352,40,673,0.2143,0.4186
Magnesium,35.8,1.82,698,98,182,1.5029,1.0
Inconel,80.08,8.21,565,186,898,0.3807,1.0
Tungsten,90.86,19.05,541,26,811,0.0786,0.5312
Graphite,17.16,1.85,624,166,76,9.9969,1.0
Copper,38.02,8.87,158,199,611,0.3204,1.0
Inconel,87.27,8.22,789,51,194,0.3819,0.6406
Aluminum,58.03,2.78,440,110,792,0.2576,1.0
Inconel,94.03,8.1,207,148,873,0.2128,1.0
Nickel,66.83,8.86,681,69,291,0.3957,0.9598
Inconel,81.7,8.41,365,22,328,0.1156,0.5238
Zinc,32.91,7.18,747,113,494,0.7706,1.0
Copper,36.63,8.85,797,48,202,0.8107,1.0
Aluminum,42.72,2.66,36,185,208,0.1535,1.0
Steel,75.78,7.77,79,70,942,0.0715,0.9339
Brass,51.81,8.39,643,92,782,0.2642,1.0
Brass,46.77,8.51,101,68,888,0.0997,1.0
Ceramic,99.57,3.53,277,6,758,0.0983,0.2617
Ceramic,96.64,3.52,667,28,569,0.1365,0.3116
Copper,38.1,8.82,172,52,645,0.1223,0.9878
Magnesium,41.74,1.61,94,95,613,0.1394,1.0
Bronze,58.21,8.85,717,5,986,0.092,0.3759
Tungsten,93.3,19.2,273,6,470,0.0546,0.3372
Ceramic,85.63,3.59,289,74,75,0.4648,0.8926
Tungsten,95.09,19.17,58,16,829,0.1339,0.3287
Ceramic,98.51,3.51,50,48,234,0.1959,0.6644
Aluminum,55.89,2.6,61,31,59,0.195,0.634
Nickel,76.2,8.8,706,38,622,0.233,0.6266
Bronze,70.15,8.76,232,56,848,0.1197,0.6756
CastIron,88.55,7.18,243,115,822,0.0731,0.9683
Magnesium,42.71,1.66,371,111,534,0.359,1.0
Aluminum,54.96,2.74,178,73,810,0.2131,0.9482
CastIron,83.97,7.08,472,14,735,0.0846,0.3857
Nickel,73.59,8.82,721,118,905,0.2107,1.0
Brass,46.07,8.58,679,161,896,0.4093,1.0
Titanium,86.96,4.47,665,12,653,0.1858,0.1796
Aluminum,57.77,2.8,702,10,988,0.0686,0.4559
Titanium,94.67,4.55,757,62,428,0.3314,0.7243
Nickel,70.54,8.78,364,189,203,0.6782,1.0
Inconel,82.45,8.18,422,25,641,0.1502,0.4463
Graphite,16.1,2.19,212,70,985,0.1297,1.0
Steel,80.2,7.89,407,162,714,0.2351,1.0
Graphite,23.79,2.01,73,174,460,0.3428,1.0
Graphite,21.42,1.84,257,74,932,0.2826,1.0
Inconel,84.13,8.45,367,152,142,0.6655,1.0
Titanium,82.77,4.49,440,40,511,0.1303,0.6297
CastIron,87.78,7.36,681,179,119,1.5621,1.0
Copper,46.52,8.83,712,75,669,0.2995,1.0
Copper,43.85,8.91,561,12,525,0.0774,0.2944
Graphite,17.67,1.86,401,176,632,0.966,1.0
Brass,55.38,8.66,612,97,125,1.1672,1.0
Graphite,23.6,2.16,40,194,843,0.1539,1.0
PTFE,5.31,2.14,485,96,519,2.171,1.0
Magnesium,38.37,1.76,670,164,900,0.5911,1.0
Titanium,89.13,4.56,272,191,458,0.2289,1.0
Titanium,78.68,4.4,401,123,718,0.125,1.0
Graphite,16.22,2.19,424,44,658,0.3697,1.0
Steel,69.32,7.76,560,147,983,0.1728,1.0
Ceramic,85.18,3.82,74,168,539,0.0885,1.0
Titanium,84.26,4.45,130,104,264,0.1139,0.9728
CastIron,88.9,7.1,275,131,511,0.2677,1.0
Tungsten,93.3,19.28,297,7,74,0.1352,0.366
Titanium,76.86,4.51,220,59,55,0.578,0.6656
Aluminum,59.93,2.76,662,162,722,0.507,1.0
Inconel,91.51,8.25,409,15,353,0.1001,0.3189
Titanium,76.03,4.55,514,146,621,0.2847,1.0
Brass,59.36,8.4,217,78,730,0.0759,1.0
Copper,42.71,8.8,339,90,743,0.269,1.0
Steel,65.15,7.71,649,10,515,0.0509,0.2037
Zinc,39.08,7.06,222,14,267,0.1994,0.4817
Tungsten,98.57,19.31,633,49,480,0.114,0.5559
Steel,76.67,7.71,399,146,289,0.3542,1.0
CastIron,84.84,7.37,552,165,136,1.0676,1.0
Magnesium,40.11,1.82,404,39,779,0.2339,0.9952
Graphite,18.21,1.99,437,12,889,0.1431,0.5505
Bronze,50.06,8.65,317,93,214,0.4862,1.0
Brass,57.44,8.46,38,173,955,0.0282,1.0
CastIron,85.17,7.22,457,85,658,0.2347,0.9212
CastIron,81.29,7.07,385,190,908,0.2763,1.0
Tungsten,90.4,19.03,652,85,241,0.4533,0.9519
Steel,66.98,7.82,782,24,961,0.1821,0.5692
Steel,66.73,7.77,264,148,218,0.4612,1.0
PTFE,11.17,2.11,530,88,294,1.7876,1.0
Bronze,61.75,8.6,98,162,80,0.519,1.0
CastIron,83.16,7.3,230,42,509,0.1624,0.6533
Ceramic,91.53,3.62,610,10,674,0.1193,0.2922
Aluminum,44.72,2.61,243,80,626,0.2772,1.0
Titanium,87.08,4.51,50,39,559,0.0853,0.5007
Tungsten,99.36,19.2,429,163,355,0.2987,1.0
PTFE,14.88,2.25,52,36,850,0.1987,1.0
Inconel,84.93,8.45,450,138,617,0.3171,1.0
Magnesium,44.61,1.68,551,98,448,0.4079,1.0
Copper,42.45,8.86,66,27,794,0.0966,0.7556
Steel,67.79,7.86,437,133,700,0.3044,1.0
Nickel,64.82,8.72,158,72,512,0.0577,1.0
Steel,72.75,7.74,181,17,898,0.0796,0.2459
Copper,38.33,8.99,168,61,490,0.0818,1.0
Steel,70.96,7.82,682,193,193,1.2464,1.0
Zinc,35.4,7.02,427,58,898,0.2046,1.0
PTFE,15.0,2.13,396,183,219,2.8765,1.0
Nickel,65.06,8.87,44,73,132,0.0697,0.8603
Tungsten,97.28,19.17,763,15,901,0.1161,0.2149
Bronze,50.53,8.64,599,40,984,0.0751,0.6631
Nickel,78.7,8.87,732,190,866,0.2915,1.0
PTFE,12.12,2.21,46,13,908,0.1863,0.7702
Nickel,71.34,8.73,475,172,979,0.3003,1.0
Zinc,25.06,7.12,620,138,777,0.6477,1.0
PTFE,6.36,2.14,273,60,913,0.4734,1.0
CastIron,88.68,7.16,769,178,520,0.5708,1.0
Zinc,38.86,7.19,61,100,63,0.4972,1.0
Steel,70.41,7.87,335,82,446,0.2023,0.9687
Ceramic,94.98,3.77,541,168,877,0.2327,1.0
Tungsten,92.51,19.27,350,177,551,0.1866,1.0
Zinc,28.5,7.1,597,47,685,0.3119,1.0
Bronze,51.77,8.79,744,72,513,0.2687,1.0
Brass,59.43,8.57,791,197,914,0.3854,1.0
Brass,54.43,8.51,724,161,926,0.4372,1.0
Inconel,82.73,8.31,786,105,814,0.2147,1.0
Magnesium,39.11,1.73,686,75,942,0.3357,1.0
Bronze,62.0,8.89,233,24,299,0.1317,0.3547
Aluminum,59.36,2.63,315,104,590,0.2183,1.0
Magnesium,38.92,1.78,727,26,166,0.5239,0.7842
Nickel,67.35,8.88,547,189,211,0.9194,1.0
Brass,51.45,8.38,769,138,291,0.9841,1.0
Graphite,12.15,1.97,496,188,404,2.5272,1.0
Aluminum,46.25,2.61,566,13,63,0.3377,0.3395
Titanium,84.29,4.54,620,22,643,0.1656,0.3062
Copper,42.64,8.95,229,166,639,0.3704,1.0
Magnesium,43.49,1.77,185,12,205,0.1956,0.3317
CastIron,82.95,7.21,67,97,908,0.0614,1.0
CastIron,73.77,7.36,211,189,260,0.3059,1.0
Ceramic,85.08,3.63,555,32,929,0.0757,0.4148
Magnesium,33.6,1.89,123,141,572,0.2772,1.0
Copper,35.28,8.82,29,125,103,0.2805,1.0
Titanium,77.05,4.54,658,120,749,0.2197,1.0
Inconel,94.3,8.49,693,92,632,0.2162,0.8616
Titanium,82.66,4.59,200,184,882,0.1457,1.0
Graphite,22.23,2.0,323,36,987,0.202,1.0
PTFE,12.8,2.16,370,124,657,0.8546,1.0
Zinc,36.26,7.13,554,8,809,0.0643,0.2293
Titanium,80.8,4.58,90,107,83,0.194,1.0
Steel,66.01,7.72,739,61,898,0.1248,0.8276
Steel,77.9,7.88,202,11,420,0.1888,0.3817
Inconel,85.91,8.11,221,121,569,0.1042,1.0
Inconel,85.33,8.21,636,32,512,0.0682,0.4851
Ceramic,89.16,3.53,65,85,397,0.1028,0.9766
Graphite,19.27,2.13,448,55,818,0.3039,1.0
PTFE,11.62,2.14,583,127,519,1.6693,1.0
Tungsten,98.22,19.38,78,195,472,0.1018,1.0
Steel,73.82,7.84,473,12,130,0.1012,0.4235
Inconel,94.88,8.3,632,58,169,0.4325,0.5117
Titanium,81.14,4.47,394,130,315,0.346,1.0
Aluminum,47.03,2.61,791,28,677,0.1357,0.6101
Copper,52.38,8.94,714,35,513,0.2205,0.7028
Aluminum,48.12,2.67,69,106,952,0.0809,1.0
Graphite,20.5,2.04,365,63,308,0.6264,1.0
PTFE,10.0,2.22,267,144,668,0.893,1.0
Zinc,25.25,7.17,554,116,296,1.1431,1.0
Graphite,10.59,2.15,542,117,50,15.1634,1.0
Nickel,61.85,8.87,350,104,973,0.2373,1.0
Steel,65.38,7.78,174,122,873,0.1228,1.0
PTFE,8.81,2.2,196,146,276,1.5538,1.0
Inconel,94.55,8.36,427,197,963,0.3025,1.0
Magnesium,36.81,1.65,119,42,911,0.0406,0.853
Magnesium,44.26,1.7,393,107,171,0.8826,1.0
Tungsten,95.58,19.12,296,153,151,0.5384,1.0
PTFE,11.68,2.15,697,43,224,1.4488,1.0
Brass,51.65,8.61,369,191,254,0.7117,1.0
Magnesium,44.07,1.84,427,150,576,0.4156,1.0
Inconel,83.89,8.31,785,164,575,0.429,1.0
Bronze,72.18,8.81,94,80,368,0.1094,0.9564
Steel,80.1,7.86,518,189,957,0.1836,1.0
Titanium,86.4,4.4,547,14,215,0.1348,0.1686
Aluminum,43.07,2.76,73,184,863,0.1488,1.0
Aluminum,46.07,2.66,751,20,244,0.2778,0.5211
CastIron,79.44,7.24,227,125,561,0.2126,1.0
CastIron,88.75,7.25,567,185,362,0.5804,1.0
Magnesium,41.58,1.86,769,193,751,0.6426,1.0
Graphite,19.17,2.13,685,145,532,1.3248,1.0
Ceramic,99.34,3.88,94,126,977,0.138,1.0
Magnesium,39.11,1.66,355,97,428,0.3036,1.0
Copper,51.95,8.94,744,195,660,0.6628,1.0
Titanium,86.93,4.58,668,59,511,0.2848,0.6372
Titanium,93.48,4.41,532,22,972,0.0412,0.3167
CastIron,77.34,7.24,213,140,356,0.1537,1.0
Steel,79.05,7.79,133,45,969,0.1579,0.6185
CastIron,85.27,7.02,26,129,979,0.1462,1.0
Inconel,87.67,8.42,178,110,546,0.2244,1.0
Aluminum,46.55,2.63,475,148,301,0.7598,1.0
Titanium,90.97,4.47,41,89,506,0.1014,0.7805
Ceramic,95.19,3.79,627,96,434,0.2604,0.9909
Magnesium,36.98,1.83,151,49,518,0.105,0.9588
Bronze,71.47,8.88,793,49,854,0.2713,0.6413
Nickel,74.39,8.82,230,103,631,0.0978,1.0
Graphite,22.05,1.81,761,19,978,0.1043,0.6289
Copper,40.62,8.97,730,73,160,1.044,1.0
CastIron,87.37,7.26,249,70,588,0.1237,0.809
Copper,54.33,8.97,82,126,432,0.0914,1.0
Nickel,66.34,8.83,400,173,165,0.8965,1.0
Titanium,90.66,4.51,124,16,552,0.0656,0.3846
Nickel,79.84,8.76,211,115,337,0.1413,1.0
Brass,55.83,8.44,691,194,250,1.3207,1.0
Steel,71.12,7.83,157,145,292,0.329,1.0
Brass,50.89,8.53,323,184,447,0.4107,1.0
Titanium,88.01,4.41,769,31,349,0.1951,0.4477
PTFE,13.04,2.12,461,35,740,0.3155,1.0
CastIron,74.46,7.03,759,53,650,0.1219,0.6324
Bronze,54.57,8.67,284,188,833,0.3392,1.0
Zinc,25.89,7.16,690,54,973,0.3786,1.0
Graphite,16.6,2.2,524,33,954,0.165,1.0
CastIron,73.05,7.01,200,142,719,0.1657,1.0
Copper,36.77,8.81,491,32,879,0.087,0.8461
Magnesium,41.41,1.77,126,33,722,0.1158,0.6475
Titanium,81.45,4.41,646,91,557,0.2804,0.9783
PTFE,13.65,2.1,117,64,569,0.2162,1.0
Steel,83.71,7.72,149,183,808,0.1322,1.0
Bronze,55.73,8.79,516,92,469,0.3384,1.0
Steel,78.55,7.85,714,155,848,0.4065,1.0
Nickel,77.55,8.81,625,65,181,0.453,0.871
Magnesium,42.11,1.62,287,137,354,0.4899,1.0
Steel,73.08,7.75,216,147,453,0.1872,1.0
Graphite,20.24,2.05,708,123,268,2.159,1.0
Aluminum,56.75,2.6,349,116,788,0.2332,1.0
Graphite,24.23,1.99,373,45,432,0.3346,1.0
CastIron,73.02,7.01,351,104,152,0.5885,1.0
Zinc,35.72,7.15,122,139,675,0.1553,1.0
PTFE,5.27,2.14,223,120,878,0.9185,1.0
Brass,45.62,8.64,573,136,954,0.2908,1.0
Copper,51.52,8.93,409,149,134,1.1972,1.0
Inconel,87.0,8.45,406,110,325,0.2422,0.9117
Bronze,61.4,8.67,475,166,645,0.4078,1.0
Nickel,70.75,8.88,310,15,914,0.0937,0.3736
Inconel,85.79,8.32,334,47,472,0.1408,0.6834
Titanium,85.88,4.46,148,162,143,0.3142,1.0
Bronze,69.87,8.73,92,196,352,0.1428,1.0
Tungsten,94.43,19.33,115,197,377,0.1602,1.0
Brass,53.5,8.41,528,30,961,0.174,0.6402
Ceramic,97.07,3.58,326,61,434,0.2485,0.6681
Ceramic,99.53,3.62,509,53,718,0.1985,0.5676
Bronze,66.92,8.71,498,91,714,0.3145,1.0
Graphite,15.84,1.82,479,159,212,2.9464,1.0
Nickel,75.03,8.87,109,197,658,0.152,1.0
Inconel,82.49,8.25,564,39,134,0.3303,0.4946
Graphite,17.92,1.99,769,83,847,0.5942,1.0
Nickel,78.88,8.87,457,90,500,0.1781,1.0
Brass,48.06,8.68,583,176,584,0.4864,1.0
Titanium,76.43,4.47,620,186,468,0.4504,1.0
Bronze,68.9,8.61,166,169,808,0.1785,1.0
Titanium,93.07,4.48,398,128,419,0.3361,1.0
Brass,62.8,8.4,140,188,132,0.4456,1.0
PTFE,12.14,2.3,638,64,429,1.1292,1.0
Graphite,20.82,1.81,136,195,335,0.4986,1.0
Aluminum,59.14,2.74,359,101,104,0.8589,1.0
Steel,83.55,7.72,643,79,333,0.2552,0.7608
Graphite,14.43,2.01,627,147,255,3.2034,1.0
Aluminum,54.88,2.68,548,142,447,0.4335,1.0
Aluminum,47.18,2.69,341,89,410,0.2418,1.0
Inconel,81.71,8.2,260,112,448,0.1386,1.0
CastIron,78.24,7.3,170,117,182,0.2225,1.0
Brass,58.27,8.55,275,77,109,0.5311,1.0
Titanium,84.51,4.42,436,168,306,0.3964,1.0
Copper,40.77,8.91,510,54,349,0.3011,1.0
Nickel,78.16,8.81,647,80,275,0.3803,1.0
Zinc,36.53,7.13,193,25,395,0.234,0.8034
Ceramic,91.77,3.7,328,182,383,0.252,1.0
CastIron,76.9,7.21,93,90,325,0.1951,0.9113
Inconel,92.05,8.28,623,172,422,0.378,1.0
Inconel,81.68,8.41,186,195,314,0.1949,1.0
Nickel,68.22,8.87,511,192,943,0.3245,1.0
Inconel,89.71,8.5,591,47,506,0.2344,0.4682
Titanium,82.05,4.51,524,173,828,0.3437,1.0
Steel,78.91,7.8,234,59,289,0.1573,0.6263
Graphite,13.76,2.13,655,56,502,0.8006,1.0
Bronze,67.51,8.77,334,193,82,1.6162,1.0
Zinc,35.95,7.1,710,193,909,0.7132,1.0
Magnesium,32.2,1.87,286,73,807,0.1815,1.0
Ceramic,98.26,3.87,539,148,828,0.2344,1.0
Copper,45.52,8.99,656,195,140,2.6746,1.0
Tungsten,99.86,19.11,96,61,437,0.1137,0.4814
CastIron,78.74,7.38,781,9,153,0.2246,0.255
Magnesium,41.27,1.66,668,115,122,1.9787,1.0
Ceramic,95.52,3.78,754,69,491,0.3256,0.8155
Tungsten,93.74,19.16,787,179,425,0.6385,1.0
Aluminum,57.17,2.76,733,57,929,0.139,0.86
Bronze,67.17,8.64,426,38,590,0.0635,0.4315
PTFE,7.82,2.29,160,91,141,1.7615,1.0
Magnesium,37.9,1.88,592,168,431,0.9306,1.0
Graphite,15.0,1.95,487,11,154,0.3031,0.657
Magnesium,44.69,1.8,341,189,377,0.5436,1.0
PTFE,14.51,2.13,725,74,647,0.7542,1.0
CastIron,84.16,7.28,615,142,819,0.313,1.0
Tungsten,95.29,19.11,217,28,701,0.0544,0.4216
Steel,76.33,7.81,652,163,111,1.6314,1.0
Zinc,27.04,7.13,480,195,53,8.3512,1.0
Magnesium,32.91,1.61,117,157,539,0.1779,1.0
Ceramic,85.58,3.81,413,48,248,0.1314,0.4397
Steel,78.94,7.76,615,161,127,1.334,1.0
Steel,67.13,7.73,638,74,267,0.4002,0.9972
Tungsten,90.84,19.28,774,28,144,0.3938,0.2891
Ceramic,97.23,3.8,759,173,548,0.4975,1.0
Aluminum,53.99,2.72,616,26,215,0.2191,0.4567
Bronze,62.43,8.8,170,150,568,0.2704,1.0
Tungsten,99.18,19.14,733,135,455,0.3176,1.0
Titanium,78.31,4.5,375,44,667,0.2028,0.6103
CastIron,72.59,7.09,717,97,624,0.282,1.0
Graphite,23.32,1.82,475,119,278,1.2616,1.0
Titanium,90.41,4.56,125,8,106,0.1699,0.2582
Graphite,24.88,1.89,734,45,777,0.2838,1.0
Brass,49.01,8.68,625,165,539,0.5183,1.0
Titanium,90.43,4.59,736,141,243,0.6525,1.0
Inconel,83.03,8.36,59,196,231,0.1507,1.0
Copper,35.08,8.94,779,142,957,0.5497,1.0
Titanium,83.3,4.52,56,52,74,0.1195,0.5391
Magnesium,39.97,1.86,29,186,659,0.0589,1.0
PTFE,6.48,2.13,266,160,743,1.2649,1.0
Magnesium,31.8,1.86,412,133,950,0.3324,1.0
Brass,51.19,8.48,399,44,275,0.1871,0.6413
Inconel,88.48,8.43,589,46,815,0.2013,0.5686
Copper,43.58,8.94,491,12,896,0.0775,0.3899
Tungsten,95.8,19.19,547,90,82,0.8402,0.9023
Magnesium,42.28,1.66,73,36,435,0.1492,0.7572
PTFE,10.63,2.16,204,156,588,0.7318,1.0
CastIron,86.31,7.28,276,73,87,0.4171,0.7064
Titanium,81.74,4.42,508,106,140,0.702,1.0
CastIron,83.57,7.11,732,138,451,0.4412,1.0
Bronze,54.72,8.82,286,87,789,0.1137,1.0
Graphite,10.27,2.09,735,38,195,1.8682,1.0
Ceramic,89.4,3.69,581,93,991,0.1637,0.8214
Titanium,88.0,4.51,685,72,656,0.1829,0.7479
Magnesium,31.07,1.85,63,86,826,0.0525,1.0
Copper,49.36,8.89,399,13,321,0.0791,0.3176
Titanium,86.06,4.45,110,43,602,0.2025,0.4846
CastIron,76.85,7.34,297,36,604,0.1324,0.4676
Magnesium,37.56,1.62,660,100,374,0.7404,1.0
Bronze,73.36,8.66,467,69,127,0.4811,0.8322
Tungsten,99.24,19.15,412,97,757,0.1308,0.9493
PTFE,9.43,2.15,686,50,990,0.649,1.0
Ceramic,91.7,3.96,372,175,814,0.2961,1.0
Ceramic,93.31,3.58,330,156,281,0.2606,1.0
Graphite,15.99,1.88,325,193,261,1.9806,1.0
PTFE,7.8,2.13,452,192,348,4.1757,1.0
PTFE,8.84,2.21,479,174,915,1.3282,1.0
Steel,81.86,7.83,767,11,391,0.1202,0.1765
Zinc,38.4,7.05,393,59,632,0.2203,1.0
Tungsten,96.46,19.1,556,79,239,0.3348,0.7666
CastIron,70.07,7.03,299,53,909,0.2182,0.7253
Brass,60.25,8.53,350,128,268,0.466,1.0
Zinc,30.34,7.1,124,109,692,0.1342,1.0
Ceramic,92.57,3.71,125,190,935,0.0449,1.0
CastIron,87.19,7.07,172,120,551,0.1112,1.0
Nickel,71.84,8.84,389,114,813,0.2802,1.0
Titanium,76.74,4.53,38,129,387,0.2197,1.0
Titanium,88.71,4.41,229,95,963,0.1418,0.8653
Bronze,60.83,8.6,242,33,88,0.2947,0.5548
Tungsten,91.12,19.13,595,82,592,0.2314,0.7487
Ceramic,94.8,3.63,390,17,746,0.0256,0.4199
Tungsten,91.04,19.33,225,188,596,0.2186,1.0
Ceramic,88.06,3.84,80,169,659,0.1154,1.0
Magnesium,37.54,1.71,684,9,603,0.2025,0.2911
Graphite,17.41,1.81,524,111,606,0.7765,1.0
Bronze,61.98,8.61,725,196,323,0.9119,1.0
Graphite,12.79,1.84,480,66,410,0.8213,1.0
CastIron,88.77,7.37,693,125,825,0.2456,1.0
PTFE,6.23,2.21,611,78,742,1.4192,1.0
Tungsten,99.93,19.39,317,179,304,0.3683,1.0
PTFE,8.55,2.3,218,99,454,0.8557,1.0
Tungsten,96.05,19.03,608,141,96,1.212,1.0
Brass,62.73,8.43,570,150,882,0.3846,1.0
Magnesium,44.12,1.78,577,177,673,0.5452,1.0
Tungsten,97.94,19.09,774,63,557,0.267,0.7709
Magnesium,39.57,1.72,781,12,106,0.4543,0.3403
Nickel,75.0,8.72,199,46,125,0.1428,0.5111
Ceramic,92.89,3.65,616,178,396,0.4718,1.0
Bronze,59.94,8.87,637,200,305,0.9506,1.0
Titanium,75.73,4.44,411,109,692,0.214,1.0
Zinc,28.12,7.08,745,104,233,1.574,1.0
Tungsten,96.61,19.24,578,187,145,1.01,1.0
Brass,57.64,8.61,203,177,446,0.2563,1.0
CastIron,71.35,7.07,290,53,377,0.2546,0.718
Ceramic,99.01,3.97,49,104,714,0.1285,0.8368
Titanium,75.83,4.52,258,130,513,0.2061,1.0
Titanium,77.3,4.59,144,23,831,0.1593,0.4149
Nickel,63.81,8.81,491,99,612,0.2266,1.0
Copper,37.71,8.92,422,157,649,0.5138,1.0
CastIron,77.54,7.01,38,97,72,0.2634,0.9845
Brass,63.26,8.48,459,60,731,0.1968,0.7022
Tungsten,92.6,19.22,30,6,380,0.0171,0.3902
Magnesium,32.22,1.84,597,61,921,0.2448,1.0
CastIron,73.19,7.02,192,25,735,0.0697,0.2847
Magnesium,44.81,1.8,462,112,651,0.3735,1.0
Tungsten,95.75,19.39,417,195,554,0.3077,1.0
Brass,54.7,8.62,261,43,579,0.0788,0.6231
PTFE,6.64,2.18,461,17,385,0.5329,1.0
CastIron,78.74,7.39,576,198,209,0.9846,1.0
Magnesium,39.93,1.88,55,56,862,0.1593,1.0
Inconel,97.97,8.34,442,95,270,0.3207,0.7514
Ceramic,99.56,3.9,106,110,405,0.0597,0.9652
Steel,80.17,7.81,390,55,473,0.1529,0.6546
Bronze,69.76,8.62,651,41,577,0.2515,0.5221
PTFE,9.08,2.15,259,83,571,0.6575,1.0
Ceramic,97.89,3.96,355,48,316,0.1584,0.4754
Magnesium,34.55,1.75,203,45,488,0.232,1.0
Steel,65.32,7.72,724,46,706,0.1672,0.554
Steel,74.79,7.79,377,196,991,0.1389,1.0
Titanium,90.02,4.48,424,199,337,0.4068,1.0
Nickel,69.61,8.8,610,188,86,2.5277,1.0
Zinc,27.69,7.06,249,160,437,0.5057,1.0
Brass,57.4,8.45,344,133,707,0.2108,1.0
Steel,72.04,7.87,584,28,238,0.18,0.585
Tungsten,99.65,19.03,651,182,666,0.2639,1.0
PTFE,6.96,2.15,334,64,53,7.323,1.0
Graphite,15.32,1.83,564,30,54,2.5849,1.0
Steel,79.01,7.8,392,113,663,0.1599,1.0
Tungsten,90.49,19.09,236,21,724,0.12,0.4642
Graphite,22.09,2.11,396,192,876,0.617,1.0
Ceramic,88.25,3.86,115,163,100,0.3777,1.0
Zinc,33.44,7.11,39,5,276,0.1313,0.3322
Brass,52.3,8.67,582,32,473,0.12,0.4658
Tungsten,98.79,19.22,266,141,514,0.1231,1.0
Magnesium,44.43,1.73,313,64,705,0.2006,1.0
Brass,64.58,8.49,417,70,684,0.121,0.9686
Graphite,17.84,2.02,440,146,577,0.8989,1.0
Nickel,70.84,8.83,555,171,89,1.9362,1.0
Aluminum,41.84,2.63,207,113,818,0.2506,1.0
Titanium,79.51,4.52,739,101,453,0.3214,1.0
Zinc,29.96,7.2,522,92,389,0.5805,1.0
Magnesium,30.12,1.82,334,14,154,0.2473,0.3792
Magnesium,36.71,1.66,632,186,446,1.0657,1.0
Magnesium,32.01,1.74,120,196,192,0.4891,1.0
Nickel,60.42,8.73,659,148,692,0.4327,1.0
Brass,50.68,8.59,620,9,248,0.0997,0.2123
Titanium,85.39,4.44,558,67,260,0.2999,0.6004
Brass,45.58,8.31,319,149,826,0.3223,1.0
Aluminum,46.34,2.8,146,161,144,0.6331,1.0
Steel,67.42,7.73,366,52,195,0.2502,0.5812
Zinc,28.64,7.15,367,74,808,0.2216,1.0
Aluminum,46.53,2.72,374,156,277,0.7068,1.0
Zinc,34.54,7.19,162,80,95,0.5251,1.0
Ceramic,93.81,3.64,327,145,419,0.2775,1.0
Graphite,23.82,1.92,316,168,439,0.7089,1.0
Tungsten,92.1,19.37,531,21,163,0.2276,0.4136
PTFE,6.14,2.21,283,129,257,3.0555,1.0
Aluminum,48.36,2.61,707,177,987,0.4089,1.0
Ceramic,95.7,3.76,71,189,880,0.18,1.0
Titanium,84.14,4.42,244,14,66,0.2442,0.3222
Tungsten,96.04,19.22,701,71,574,0.2694,0.8271
Ceramic,98.8,3.84,374,11,201,0.0905,0.1271
Aluminum,45.11,2.63,642,73,863,0.3333,1.0
Inconel,96.99,8.14,621,121,301,0.3385,1.0
Nickel,75.79,8.87,453,100,82,0.9718,1.0
Ceramic,89.13,3.74,673,200,991,0.3659,1.0
Magnesium,30.52,1.63,484,63,376,0.517,1.0
Magnesium,35.67,1.85,771,17,515,0.2758,0.6021
Copper,47.83,8.91,773,135,309,0.9172,1.0
Aluminum,57.82,2.68,67,62,711,0.1999,1.0
Ceramic,86.91,3.99,594,159,948,0.2618,1.0
Steel,72.29,7.81,270,164,893,0.1138,1.0
Magnesium,37.28,1.68,508,25,885,0.1477,0.503
Inconel,96.2,8.16,713,109,547,0.2238,1.0
Bronze,71.41,8.68,767,77,470,0.2777,0.9669
Bronze,59.44,8.85,773,40,306,0.3117,0.5925
Ceramic,95.24,3.76,201,113,378,0.2601,1.0
Ceramic,87.62,3.79,733,133,133,1.0589,1.0
Steel,76.84,7.89,353,79,553,0.0995,0.7363
CastIron,89.99,7.16,337,111,762,0.1155,0.9509
PTFE,8.99,2.3,320,98,877,0.6879,1.0
Nickel,78.03,8.82,323,116,416,0.2209,1.0
Copper,50.28,8.81,486,197,264,0.9119,1.0
PTFE,5.15,2.25,769,11,766,0.4168,1.0
Ceramic,91.36,3.97,728,139,61,2.458,1.0
Inconel,83.6,8.27,735,14,405,0.106,0.3411
PTFE,8.74,2.27,660,47,953,0.5799,1.0
Brass,51.12,8.6,153,48,363,0.0979,0.9685
Graphite,22.51,2.08,144,112,295,0.4649,1.0
Bronze,56.78,8.76,257,137,891,0.2064,1.0
Bronze,60.68,8.79,247,12,659,0.1721,0.4273
Zinc,26.61,7.17,425,91,186,1.0249,1.0
Bronze,64.6,8.8,760,17,185,0.1491,0.3922
Zinc,32.74,7.13,407,24,122,0.4969,0.6695
Ceramic,99.59,3.63,278,197,73,1.0105,1.0
Brass,46.97,8.33,386,173,453,0.4805,1.0
Copper,49.81,8.97,252,5,153,0.042,0.2031
Magnesium,30.4,1.75,245,42,64,0.7905,1.0
Bronze,59.08,8.89,677,127,494,0.4236,1.0
Titanium,78.99,4.54,316,181,400,0.3031,1.0
Graphite,11.12,1.81,374,180,451,1.7655,1.0
Steel,68.33,7.75,635,118,521,0.4449,1.0
Inconel,81.09,8.33,61,155,302,0.1985,1.0
Zinc,39.12,7.01,216,120,408,0.3131,1.0
Nickel,69.51,8.86,288,60,126,0.4148,0.7427
Magnesium,36.75,1.72,570,180,238,1.633,1.0
Nickel,65.89,8.81,761,120,247,0.8253,1.0
Zinc,25.12,7.06,634,168,845,0.7135,1.0
Zinc,37.19,7.01,790,185,196,2.589,1.0
Bronze,60.02,8.82,325,135,820,0.2818,1.0
Inconel,82.97,8.38,719,22,382,0.1818,0.3356
Magnesium,31.17,1.88,192,21,576,0.0454,0.6188
Inconel,85.63,8.36,763,96,749,0.3298,1.0
Aluminum,43.74,2.65,545,85,621,0.2238,1.0
Zinc,39.75,7.06,785,51,523,0.2526,1.0
CastIron,88.09,7.19,700,180,109,1.7028,1.0
Tungsten,91.66,19.36,240,174,65,0.9329,1.0
Magnesium,31.01,1.66,331,158,972,0.3411,1.0
Bronze,53.86,8.89,648,25,546,0.1278,0.5463
Nickel,69.85,8.85,603,19,758,0.2173,0.2776
PTFE,10.94,2.24,69,87,304,0.34,1.0
Nickel,71.21,8.79,135,12,932,0.077,0.3706
Tungsten,99.28,19.06,508,61,375,0.2041,0.7546
PTFE,7.7,2.15,785,64,150,5.4627,1.0
Tungsten,98.37,19.14,641,121,844,0.1539,1.0
Graphite,18.96,1.99,372,194,270,1.9342,1.0
Brass,56.92,8.67,308,195,695,0.2953,1.0
Steel,65.66,7.86,197,154,745,0.178,1.0
Nickel,71.59,8.8,703,156,389,0.5592,1.0
Aluminum,59.55,2.69,459,157,887,0.3506,1.0
Bronze,66.72,8.85,455,173,500,0.4269,1.0
Ceramic,90.78,3.59,128,140,344,0.256,1.0
PTFE,12.09,2.26,56,128,198,0.4861,1.0
Inconel,92.55,8.25,285,103,938,0.2156,0.9992
Zinc,31.18,7.09,63,165,508,0.2594,1.0
Graphite,20.99,1.95,658,15,282,0.2314,0.6846
Zinc,35.77,7.11,186,34,555,0.212,0.7128
Tungsten,98.42,19.01,414,150,923,0.2193,1.0
Nickel,73.21,8.74,388,123,320,0.3525,1.0
Ceramic,95.27,3.72,556,177,677,0.3034,1.0
PTFE,7.2,2.17,210,74,397,0.7777,1.0
Aluminum,54.3,2.68,780,149,364,0.8549,1.0
CastIron,81.89,7.35,146,134,662,0.0959,1.0
Steel,71.71,7.81,134,107,706,0.18,1.0
Tungsten,94.66,19.32,734,118,990,0.2126,0.9114
Titanium,82.73,4.44,237,182,226,0.3212,1.0
Zinc,26.83,7.06,420,6,132,0.141,0.3603
Titanium,90.59,4.48,555,82,267,0.3464,0.8651
Steel,81.88,7.79,505,41,792,0.1438,0.6464
Brass,59.08,8.61,504,53,873,0.1632,0.7419
Magnesium,38.26,1.86,112,139,982,0.1963,1.0
Brass,50.22,8.39,167,6,297,0.1857,0.3534
Copper,48.28,8.98,398,110,570,0.212,1.0
CastIron,85.32,7.31,800,79,472,0.2811,0.6727
Zinc,35.14,7.06,480,92,580,0.2867,1.0
Graphite,16.89,2.01,330,133,743,0.5099,1.0
Ceramic,89.51,3.86,761,132,972,0.1672,1.0
Ceramic,88.52,3.65,567,33,941,0.0954,0.4578
Brass,62.85,8.32,786,182,92,3.1321,1.0
Titanium,75.62,4.46,751,163,734,0.3724,1.0
Magnesium,37.02,1.74,479,170,891,0.4717,1.0
Nickel,63.01,8.72,143,178,616,0.2455,1.0
PTFE,7.32,2.26,487,124,200,5.306,1.0
Ceramic,88.42,3.98,476,78,535,0.2676,0.8177
Titanium,82.18,4.51,93,15,403,0.0894,0.2318
Zinc,27.02,7.11,768,22,668,0.2484,0.6615
Brass,61.07,8.69,292,128,486,0.2208,1.0
Graphite,11.5,2.11,800,11,581,0.3033,0.9852
Ceramic,88.41,3.51,442,40,495,0.1281,0.474
Tungsten,92.46,19.05,124,186,866,0.1476,1.0
Nickel,79.15,8.85,484,7,346,0.1376,0.2169
Copper,42.78,8.96,161,124,580,0.2014,1.0
Graphite,16.5,2.04,350,179,99,4.9201,1.0
Tungsten,90.9,19.38,788,39,920,0.2356,0.6279
PTFE,6.96,2.2,385,196,495,2.9105,1.0
Graphite,20.6,1.95,118,33,777,0.1584,1.0
Zinc,38.56,7.13,633,75,660,0.4294,1.0
Steel,81.84,7.87,740,71,962,0.2318,0.8863
Inconel,94.09,8.22,384,82,314,0.1966,0.8981
Zinc,35.89,7.13,566,20,963,0.1726,0.4772
Titanium,91.62,4.59,503,50,648,0.0977,0.6237
Brass,57.9,8.5,773,37,352,0.2508,0.6338
Inconel,85.15,8.27,695,55,637,0.1439,0.6145
Ceramic,86.79,3.55,606,118,102,1.0437,1.0
Steel,84.26,7.82,649,77,902,0.2234,0.7277
Tungsten,94.3,19.3,690,178,422,0.5585,1.0
CastIron,82.31,7.21,523,111,854,0.1943,1.0
Ceramic,97.8,3.5,534,41,702,0.2141,0.576
Aluminum,40.82,2.79,745,81,675,0.3804,1.0
Copper,53.03,8.86,702,168,270,1.1515,1.0
Brass,59.95,8.64,101,16,287,0.1026,0.4425
Ceramic,89.57,3.99,118,186,706,0.1473,1.0
Inconel,95.12,8.23,339,166,789,0.2439,1.0
Inconel,80.07,8.42,444,102,864,0.1833,0.9228
Tungsten,92.24,19.32,500,47,75,0.5359,0.5468
Inconel,94.05,8.45,337,162,729,0.2537,1.0
Zinc,37.98,7.02,568,91,620,0.3276,1.0
Titanium,90.89,4.55,641,182,333,0.5586,1.0
Copper,40.92,8.95,67,192,368,0.1812,1.0
Bronze,66.67,8.76,199,48,237,0.1294,0.8226
Titanium,92.22,4.52,130,78,82,0.2867,0.6846
PTFE,6.13,2.24,262,137,610,1.2481,1.0
Aluminum,53.54,2.63,279,14,941,0.1757,0.2425
Magnesium,38.52,1.68,542,125,789,0.4678,1.0
Nickel,67.36,8.84,61,121,563,0.0878,1.0
Nickel,75.69,8.89,239,14,467,0.0466,0.4497
Brass,52.96,8.52,185,113,733,0.0949,1.0
CastIron,84.93,7.34,286,27,944,0.2018,0.4428
Nickel,66.8,8.88,88,47,346,0.1352,0.7846
Copper,40.07,8.89,121,88,994,0.2004,1.0
Nickel,70.01,8.87,649,167,377,0.665,1.0
Brass,64.38,8.66,237,65,354,0.2447,0.7736
CastIron,80.61,7.24,121,177,274,0.2573,1.0
Inconel,96.86,8.45,52,179,434,0.0724,1.0
Titanium,86.1,4.42,650,66,720,0.1436,0.853
Bronze,69.41,8.8,584,60,448,0.2062,0.701
Steel,70.31,7.84,446,59,845,0.2312,0.6898
Bronze,66.0,8.64,230,86,917,0.2217,1.0
Titanium,83.15,4.57,402,179,776,0.3133,1.0
Zinc,32.46,7.01,148,21,482,0.1532,0.5528
Nickel,72.1,8.76,526,134,639,0.3708,1.0
CastIron,75.61,7.11,343,187,81,1.3306,1.0
CastIron,76.81,7.05,289,107,411,0.1861,1.0
Ceramic,87.98,3.5,506,174,282,0.5882,1.0
Titanium,76.14,4.51,264,27,486,0.2197,0.3349
Brass,61.75,8.62,107,182,557,0.1274,1.0
Inconel,95.52,8.41,31,108,734,0.1032,0.9743
Aluminum,47.46,2.71,89,97,320,0.0927,1.0
CastIron,82.16,7.07,670,40,952,0.2049,0.5335
Titanium,83.44,4.43,144,69,601,0.1768,0.7652
Inconel,87.95,8.44,696,170,840,0.3484,1.0
Tungsten,92.54,19.26,650,172,882,0.2284,1.0
Titanium,93.77,4.42,668,69,898,0.1415,0.6391
PTFE,10.12,2.2,395,116,175,3.3352,1.0
Brass,54.23,8.5,203,130,905,0.1998,1.0
CastIron,86.05,7.13,55,38,342,0.114,0.488
Copper,47.26,8.97,89,85,412,0.18,1.0
Brass,55.33,8.37,199,107,762,0.1412,1.0
Graphite,14.71,1.97,653,115,658,0.9918,1.0
Magnesium,42.89,1.89,248,77,507,0.1431,1.0
Titanium,94.77,4.58,283,173,624,0.2833,1.0
Inconel,96.59,8.22,580,78,225,0.3339,0.747
CastIron,88.46,7.02,486,13,230,0.237,0.2504
CastIron,85.06,7.36,721,93,448,0.3705,0.9178
Brass,56.87,8.53,467,123,562,0.3814,1.0
Copper,53.29,8.93,373,136,289,0.4879,1.0
Titanium,92.11,4.48,228,112,184,0.334,0.9586
Inconel,81.14,8.29,461,83,587,0.2251,0.8722
Copper,38.69,8.85,616,137,813,0.4574,1.0
Copper,54.72,8.89,498,70,221,0.525,1.0
Magnesium,35.79,1.67,368,109,297,0.5147,1.0
PTFE,8.01,2.29,796,198,917,2.7338,1.0
CastIron,80.77,7.37,460,80,450,0.2544,0.9779
Inconel,85.97,8.14,639,165,854,0.247,1.0
Zinc,31.72,7.17,69,24,509,0.1603,0.5704
Brass,56.39,8.35,145,94,519,0.0786,1.0
Bronze,73.18,8.62,59,44,58,0.2304,0.4614
CastIron,78.8,7.16,36,15,761,0.0459,0.2815
Ceramic,91.84,3.64,747,55,452,0.2569,0.4975
PTFE,13.37,2.22,746,50,654,0.6333,1.0
Bronze,57.33,8.68,771,104,968,0.256,1.0
Inconel,96.08,8.13,129,62,548,0.0461,0.6357
Graphite,11.28,1.99,533,95,659,0.9061,1.0
Tungsten,91.18,19.11,523,89,724,0.0984,0.7828
Copper,51.63,8.97,415,166,552,0.4294,1.0
Magnesium,33.88,1.7,555,179,441,1.0121,1.0
Graphite,22.72,2.04,185,27,344,0.1722,0.9797
PTFE,10.49,2.16,607,27,197,1.124,1.0
Titanium,76.4,4.5,490,124,931,0.2264,1.0
Aluminum,40.39,2.78,416,17,160,0.286,0.4324
Inconel,85.37,8.25,445,187,681,0.3208,1.0
Brass,61.5,8.44,453,81,364,0.3636,1.0
Aluminum,58.21,2.64,535,9,394,0.113,0.2066
Brass,59.52,8.6,461,139,335,0.4173,1.0
Zinc,29.89,7.0,173,43,625,0.1855,1.0
Zinc,36.17,7.17,189,169,955,0.1963,1.0
Inconel,88.56,8.44,129,10,123,0.1501,0.1562
Bronze,66.08,8.84,573,191,648,0.3422,1.0
Magnesium,30.66,1.84,758,142,129,3.5953,1.0
Graphite,22.0,1.83,574,40,499,0.3817,1.0
Magnesium,32.09,1.82,106,80,641,0.1734,1.0
Zinc,29.57,7.01,393,83,712,0.2268,1.0
Copper,44.81,8.98,507,85,290,0.5887,1.0
Titanium,75.82,4.57,623,158,306,0.7058,1.0
Tungsten,93.03,19.34,118,79,105,0.2359,0.8992
Zinc,37.87,7.0,587,123,422,0.6571,1.0
Tungsten,93.52,19.27,761,193,142,1.4199,1.0
Tungsten,90.98,19.37,298,90,502,0.1155,0.7944
Graphite,16.86,1.87,197,86,175,0.8616,1.0
Magnesium,43.22,1.72,403,30,398,0.2787,0.5635
CastIron,80.0,7.09,278,85,221,0.3253,0.9328
Steel,75.09,7.84,760,53,53,1.2801,0.6628
Tungsten,98.38,19.24,205,176,487,0.1344,1.0
Nickel,75.58,8.77,120,86,166,0.2788,0.8398
Magnesium,41.24,1.75,395,61,199,0.5279,1.0
Nickel,74.19,8.81,680,168,537,0.5445,1.0
Ceramic,85.78,3.84,223,32,627,0.127,0.4584
Tungsten,90.49,19.06,770,70,682,0.2889,0.7213
Nickel,60.26,8.77,685,133,969,0.3528,1.0
Brass,55.62,8.7,90,198,193,0.2958,1.0
Nickel,60.52,8.81,147,186,701,0.102,1.0
Magnesium,44.02,1.73,122,158,391,0.2673,1.0
Steel,83.35,7.87,216,27,522,0.1353,0.4341
Steel,71.52,7.78,294,110,659,0.1073,1.0
Magnesium,36.57,1.66,745,141,961,0.4265,1.0
Ceramic,99.2,3.93,755,35,564,0.1069,0.3061
Bronze,58.24,8.64,27,47,786,0.1524,0.8803
Magnesium,36.56,1.88,716,189,824,0.7493,1.0
Graphite,24.51,2.13,482,122,635,0.6276,1.0
Bronze,63.73,8.9,410,131,123,1.0102,1.0
Nickel,78.62,8.89,574,196,706,0.4309,1.0
Ceramic,95.06,3.7,410,52,242,0.1958,0.6099
CastIron,72.63,7.27,712,178,436,0.6046,1.0
Magnesium,32.76,1.62,493,79,179,0.966,1.0
Titanium,93.71,4.55,413,29,635,0.1265,0.5159
Ceramic,96.03,3.97,643,103,729,0.2303,0.985
Nickel,71.17,8.89,611,121,797,0.1766,1.0
Bronze,58.33,8.71,649,94,600,0.379,1.0
Zinc,34.35,7.14,107,74,53,0.6704,1.0
Inconel,88.91,8.22,317,110,317,0.1709,0.9157
Zinc,33.6,7.02,693,85,693,0.4777,1.0
Steel,82.75,7.72,634,190,326,0.6524,1.0
Inconel,93.77,8.14,752,5,179,0.1808,0.2008
Tungsten,91.27,19.07,90,42,948,0.0581,0.451
Magnesium,43.95,1.63,748,129,460,0.6176,1.0
CastIron,76.52,7.25,670,111,707,0.2314,1.0
Brass,57.62,8.56,465,166,663,0.3374,1.0
Copper,45.4,8.9,780,133,415,0.8193,1.0
Copper,53.34,8.85,594,7,839,0.0233,0.4352
Bronze,54.11,8.87,334,135,121,1.0478,1.0
Inconel,90.59,8.23,614,147,182,0.709,1.0
Aluminum,40.09,2.75,39,109,652,0.1869,1.0
Copper,43.44,8.84,272,21,755,0.1988,0.5689
PTFE,14.54,2.3,158,109,118,1.2794,1.0
PTFE,14.9,2.18,720,137,960,0.9703,1.0
Ceramic,90.65,3.75,472,176,867,0.2839,1.0
Titanium,91.01,4.58,533,79,159,0.4803,0.6745
Copper,42.72,8.97,627,102,165,1.1887,1.0
Brass,60.87,8.34,42,128,471,0.0936,1.0
CastIron,88.8,7.38,685,93,865,0.2305,0.8588
Tungsten,92.61,19.27,445,118,226,0.4397,0.9098
Titanium,93.82,4.48,695,160,569,0.3913,1.0
Magnesium,31.97,1.76,763,53,910,0.2685,1.0
Bronze,54.57,8.74,634,85,863,0.2815,1.0
Steel,70.49,7.83,578,200,214,1.1288,1.0
Brass,49.7,8.58,413,148,262,0.731,1.0
Tungsten,94.01,19.26,30,139,125,0.1804,1.0
Aluminum,41.85,2.78,738,111,658,0.4412,1.0
Zinc,33.54,7.07,129,165,619,0.1715,1.0
Aluminum,58.54,2.69,756,7,888,0.0325,0.1637
Titanium,81.5,4.54,792,106,748,0.2905,1.0
PTFE,12.13,2.29,677,196,154,8.9519,1.0
CastIron,81.51,7.1,644,195,117,1.7971,1.0
Aluminum,59.93,2.71,614,116,828,0.2092,1.0
Copper,37.2,8.85,330,79,404,0.2796,1.0
Inconel,94.54,8.49,591,196,330,0.547,1.0
Magnesium,32.39,1.77,450,129,424,0.6342,1.0
Brass,64.51,8.68,726,56,102,0.9115,0.6933
Tungsten,98.02,19.2,323,30,926,0.1231,0.3431
Inconel,88.01,8.49,647,26,281,0.2817,0.337
Inconel,81.55,8.35,33,121,637,0.1956,1.0
Ceramic,92.88,3.59,463,73,852,0.2121,0.8389
Aluminum,51.31,2.63,755,99,202,1.0467,1.0
Titanium,88.57,4.55,637,33,294,0.2525,0.5952
Nickel,77.12,8.76,590,115,519,0.3471,1.0
Bronze,73.08,8.71,419,81,277,0.31,0.9151
Ceramic,86.5,3.84,557,155,69,1.8187,1.0
Graphite,13.44,2.05,557,184,204,4.702,1.0
PTFE,11.28,2.23,687,189,353,4.105,1.0
PTFE,11.28,2.15,121,61,898,0.1258,1.0
Steel,73.49,7.71,677,37,757,0.068,0.555
CastIron,87.2,7.12,390,21,224,0.0983,0.3158
Bronze,65.1,8.82,508,131,784,0.3574,1.0
Bronze,62.42,8.63,375,188,607,0.2946,1.0
Brass,48.67,8.59,130,175,190,0.4225,1.0
Copper,49.45,8.94,467,161,441,0.5437,1.0
Zinc,39.39,7.12,53,133,592,0.1835,1.0
Steel,79.01,7.72,670,110,426,0.3994,1.0
Magnesium,40.2,1.61,100,168,583,0.1181,1.0
Inconel,96.27,8.31,663,81,458,0.2803,0.8026
Brass,63.82,8.37,119,130,439,0.097,1.0
Ceramic,99.38,3.74,544,51,476,0.0933,0.4373
Steel,75.87,7.87,168,30,901,0.1007,0.3813
Zinc,38.96,7.06,213,153,479,0.3977,1.0
Tungsten,98.58,19.25,596,137,376,0.4216,1.0
Titanium,76.6,4.4,287,24,143,0.2359,0.4195
Nickel,73.52,8.81,390,181,770,0.3134,1.0
Tungsten,99.83,19.23,548,194,780,0.3579,1.0
PTFE,5.78,2.25,258,116,227,2.9466,1.0
Brass,58.46,8.3,664,85,419,0.3841,1.0
Inconel,93.34,8.11,244,135,658,0.1636,1.0
Graphite,13.23,2.1,326,60,730,0.3852,1.0
Steel,78.8,7.75,641,19,319,0.2425,0.2108
Brass,57.34,8.37,399,60,676,0.1055,1.0
Titanium,82.49,4.53,279,13,511,0.1645,0.2185
Bronze,70.39,8.83,439,182,103,1.4728,1.0
Bronze,64.69,8.65,42,63,678,0.16,0.8743
Titanium,82.56,4.48,763,154,871,0.3622,1.0
Magnesium,37.67,1.77,732,134,798,0.4721,1.0
Zinc,27.28,7.17,468,171,203,1.9568,1.0
Ceramic,87.48,3.97,639,42,339,0.2469,0.4066
Brass,50.14,8.64,634,75,53,2.2837,1.0
Inconel,86.27,8.34,505,47,957,0.0792,0.615
Titanium,75.7,4.59,637,121,428,0.3766,1.0
Magnesium,36.69,1.69,248,122,891,0.1883,1.0
Aluminum,53.43,2.61,199,59,942,0.044,0.8382
Bronze,65.48,8.8,682,70,777,0.2751,0.9017
Aluminum,42.16,2.79,690,14,650,0.2194,0.3867
Tungsten,94.98,19.15,777,95,265,0.5319,0.835
PTFE,6.76,2.14,444,142,307,3.9694,1.0
Graphite,23.32,1.96,251,102,770,0.3542,1.0
Bronze,58.03,8.77,266,191,636,0.234,1.0
Zinc,35.07,7.17,557,55,276,0.5173,1.0
Tungsten,91.38,19.35,57,178,599,0.1136,1.0
Brass,59.66,8.54,227,55,195,0.1721,0.8293
Zinc,31.48,7.07,335,157,183,1.2897,1.0
Graphite,21.17,1.93,145,124,682,0.1729,1.0
Steel,74.53,7.85,111,17,92,0.1099,0.3089
Nickel,76.67,8.77,231,64,294,0.281,0.7633
Steel,74.08,7.85,701,71,814,0.1505,0.9431
Brass,58.22,8.41,717,129,622,0.479,1.0
Ceramic,88.12,3.54,518,47,939,0.2001,0.543
PTFE,13.26,2.18,294,179,288,1.8535,1.0
Steel,83.51,7.73,767,80,728,0.195,0.8463
Tungsten,96.27,19.11,356,54,856,0.0531,0.5957
Steel,67.55,7.73,117,157,145,0.3027,1.0
Titanium,75.47,4.54,232,24,918,0.0288,0.4106
Magnesium,35.38,1.65,223,148,194,0.8004,1.0
PTFE,12.8,2.18,414,171,603,1.3443,1.0
Aluminum,45.9,2.78,121,121,868,0.0968,1.0
Inconel,95.28,8.24,562,62,254,0.3302,0.7129
Brass,46.53,8.6,687,102,175,1.1813,1.0
Aluminum,48.62,2.69,172,193,444,0.2872,1.0
Brass,63.3,8.32,181,62,305,0.1017,0.888
Inconel,97.17,8.13,511,189,181,0.7007,1.0
Aluminum,56.4,2.79,163,123,522,0.2231,1.0
Inconel,95.14,8.49,467,79,907,0.1898,0.6301
Steel,76.67,7.71,635,69,587,0.1641,0.8732
Zinc,28.43,7.03,40,112,209,0.1256,1.0
Copper,43.89,8.99,126,118,628,0.2062,1.0
CastIron,72.56,7.06,371,135,498,0.2331,1.0
CastIron,70.45,7.19,401,67,808,0.1978,0.9786
Bronze,65.46,8.64,407,29,785,0.0975,0.626
Graphite,19.26,1.98,625,169,108,6.4335,1.0
Graphite,23.18,2.12,775,5,707,0.1348,0.4659
Inconel,94.58,8.37,688,64,550,0.1831,0.6799
Titanium,92.59,4.45,419,114,920,0.2602,0.9773
Magnesium,33.39,1.73,577,124,868,0.3286,1.0
Inconel,96.13,8.44,342,199,815,0.2694,1.0
Inconel,81.46,8.27,624,147,741,0.2733,1.0
Inconel,81.74,8.41,734,161,307,0.6877,1.0
Titanium,88.6,4.54,526,48,298,0.2915,0.4378
Ceramic,92.18,3.61,375,152,134,0.7383,1.0
Inconel,85.88,8.31,674,121,418,0.4741,1.0
PTFE,5.94,2.16,703,138,142,14.4037,1.0
Graphite,11.15,2.05,455,42,278,0.9458,1.0
CastIron,77.1,7.07,30,82,314,0.0378,0.8546
Steel,75.13,7.72,203,49,931,0.1175,0.7266
Brass,58.72,8.65,445,77,190,0.4095,1.0
Zinc,25.48,7.14,279,164,339,0.8454,1.0
Magnesium,33.86,1.63,214,185,470,0.4427,1.0
Brass,55.3,8.33,259,136,242,0.3842,1.0
Tungsten,97.08,19.29,653,123,963,0.1736,1.0
Steel,72.88,7.8,542,70,884,0.1563,0.7455
Nickel,67.45,8.88,87,72,813,0.1764,1.0
Bronze,65.2,8.63,44,69,102,0.1897,0.9633
Zinc,33.85,7.05,653,170,413,1.0762,1.0
Graphite,13.35,1.94,373,84,93,3.3381,1.0
CastIron,73.98,7.01,332,154,130,0.723,1.0
PTFE,9.53,2.1,256,182,475,1.3247,1.0
Titanium,90.71,4.54,717,28,272,0.2924,0.4081
Steel,72.81,7.79,722,58,369,0.363,0.7924
Brass,61.11,8.63,69,150,271,0.1724,1.0
PTFE,14.18,2.16,90,147,343,0.3507,1.0
Aluminum,45.43,2.8,707,39,552,0.3206,0.9189
Aluminum,52.99,2.78,656,10,966,0.0565,0.3092
Nickel,76.0,8.83,235,142,509,0.2822,1.0
Titanium,75.87,4.47,94,72,396,0.1519,0.9345
Copper,49.44,8.84,139,112,602,0.219,1.0
Brass,47.26,8.63,477,11,967,0.1452,0.239
Steel,82.38,7.89,610,69,325,0.3557,0.7863
CastIron,72.31,7.1,512,175,908,0.2322,1.0
Steel,84.6,7.76,27,89,548,0.1359,0.9602
Aluminum,53.58,2.75,240,102,977,0.1596,1.0
Steel,75.8,7.87,741,88,870,0.2777,1.0
Zinc,35.3,7.17,249,126,617,0.3509,1.0
Aluminum,41.5,2.64,405,186,294,0.96,1.0
Titanium,87.68,4.59,460,8,899,0.1235,0.2019
Graphite,10.31,1.92,737,78,747,1.0493,1.0
Bronze,50.17,8.64,485,91,223,0.583,1.0
Aluminum,60.0,2.79,151,79,272,0.2381,1.0
Bronze,60.96,8.9,740,195,833,0.5482,1.0
Tungsten,99.1,19.16,36,118,106,0.1594,1.0
Graphite,15.78,2.03,423,79,354,0.8334,1.0
Aluminum,57.71,2.61,507,130,712,0.3054,1.0
Steel,74.29,7.86,308,184,762,0.1939,1.0
Magnesium,41.9,1.87,326,147,259,0.6583,1.0
Zinc,38.17,7.09,320,55,898,0.2514,1.0
Graphite,24.0,2.08,126,90,777,0.1181,1.0
Ceramic,97.1,3.75,365,169,142,0.7501,1.0
CastIron,78.13,7.37,530,25,843,0.1742,0.291
Copper,40.05,8.94,629,195,673,0.7365,1.0
Magnesium,33.42,1.7,389,14,723,0.1627,0.5066
Magnesium,40.13,1.89,464,14,913,0.1619,0.3324
Ceramic,94.83,3.59,137,76,693,0.1317,0.8776
Magnesium,36.63,1.82,116,174,999,0.1448,1.0
Nickel,60.8,8.72,505,100,592,0.224,1.0
Copper,38.19,8.87,50,11,303,0.0932,0.2911
Bronze,57.79,8.77,425,134,535,0.3571,1.0
Zinc,27.25,7.11,437,157,279,1.2517,1.0
Brass,47.53,8.33,103,50,300,0.1778,0.9827
Copper,35.03,8.91,513,173,563,0.6483,1.0
Ceramic,86.44,3.86,441,110,512,0.1686,0.9879
Aluminum,52.32,2.65,563,107,899,0.3557,1.0
Tungsten,98.66,19.27,402,90,780,0.0996,0.6713
Titanium,78.69,4.47,130,52,582,0.1893,0.7031
CastIron,71.67,7.24,770,64,158,0.6765,0.6766
Nickel,75.41,8.86,305,188,748,0.246,1.0
Copper,48.87,8.98,773,169,145,2.4539,1.0
Graphite,17.97,2.01,266,176,852,0.455,1.0
Nickel,65.68,8.86,180,100,903,0.0775,1.0
Graphite,16.17,2.01,646,89,431,1.0574,1.0
PTFE,8.12,2.14,414,181,641,1.9695,1.0
Magnesium,33.31,1.71,285,113,739,0.3569,1.0
Copper,42.9,8.95,238,195,664,0.3829,1.0
Bronze,71.22,8.83,542,141,450,0.4478,1.0
CastIron,72.9,7.26,664,152,487,0.4651,1.0
Inconel,83.38,8.45,525,158,119,1.0822,1.0
PTFE,13.55,2.24,324,100,697,0.5755,1.0
Magnesium,37.74,1.89,771,16,415,0.1807,0.5785
Tungsten,95.95,19.25,571,67,277,0.3132,0.7957
Inconel,80.13,8.32,114,16,668,0.1312,0.3448
PTFE,13.29,2.19,627,33,837,0.3202,1.0
Nickel,65.63,8.71,113,200,368,0.2015,1.0
Bronze,58.94,8.84,282,138,386,0.342,1.0
Aluminum,58.9,2.61,149,166,373,0.3156,1.0
Aluminum,46.62,2.69,265,42,252,0.1833,0.7189
Bronze,55.47,8.72,264,91,232,0.2765,1.0
CastIron,88.02,7.05,703,25,960,0.1945,0.2753
Tungsten,90.32,19.05,666,36,839,0.0958,0.5789
Copper,36.8,8.85,704,151,862,0.5777,1.0
Titanium,93.01,4.47,749,192,469,0.4648,1.0
CastIron,76.72,7.34,368,52,648,0.24,0.5325
Ceramic,99.81,3.6,60,126,802,0.1837,0.9378
Zinc,30.2,7.01,706,119,724,0.5628,1.0
CastIron,82.17,7.08,509,17,298,0.1905,0.362
Magnesium,38.14,1.62,389,109,740,0.2988,1.0
Nickel,60.01,8.86,254,88,615,0.1531,1.0
Magnesium,36.95,1.8,186,194,346,0.5273,1.0
Aluminum,53.5,2.6,131,105,983,0.0551,1.0
Inconel,86.61,8.37,527,59,970,0.0931,0.5558
CastIron,88.0,7.0,67,176,106,0.2548,1.0
Zinc,25.02,7.17,67,31,747,0.0939,1.0
Nickel,78.71,8.81,706,106,174,0.7293,1.0
PTFE,8.16,2.26,96,110,663,0.2989,1.0
Aluminum,47.27,2.63,731,139,713,0.5226,1.0
Graphite,22.54,2.12,536,26,941,0.1376,0.9735
Brass,62.0,8.55,637,9,102,0.2318,0.4127
Aluminum,46.43,2.71,526,64,386,0.2653,1.0
Steel,71.37,7.83,230,143,825,0.0817,1.0
Graphite,22.19,2.01,552,167,139,3.7533,1.0
Ceramic,85.57,3.66,462,199,704,0.3517,1.0
Steel,72.19,7.87,303,119,260,0.3241,1.0
Ceramic,94.28,3.81,174,187,821,0.1315,1.0
Titanium,79.65,4.42,529,160,254,0.7104,1.0
Bronze,56.58,8.79,128,71,883,0.0775,0.9336
Steel,76.16,7.71,249,93,250,0.191,0.9167
Titanium,93.02,4.49,662,20,649,0.2192,0.2446
Brass,46.83,8.57,318,112,735,0.3242,1.0
Steel,82.97,7.9,350,153,671,0.1875,1.0
Ceramic,89.64,3.63,175,127,358,0.2865,1.0
Graphite,23.37,2.01,253,149,327,0.7325,1.0
Nickel,69.64,8.89,542,5,849,0.1496,0.1981
CastIron,74.87,7.23,237,88,547,0.1285,0.8815
PTFE,11.66,2.16,342,168,266,2.3517,1.0
Graphite,21.13,1.82,407,177,802,0.5798,1.0
Ceramic,95.93,3.51,240,48,395,0.0538,0.4992
Magnesium,38.21,1.63,94,81,440,0.0977,1.0
Copper,40.36,8.88,553,21,928,0.1239,0.6173
Aluminum,49.08,2.67,655,33,924,0.2345,0.5954
Tungsten,95.06,19.04,354,98,765,0.2302,0.9711
Magnesium,43.49,1.77,658,143,56,4.9715,1.0
Graphite,23.47,2.17,107,37,854,0.1022,1.0
Aluminum,45.92,2.77,702,160,782,0.5379,1.0
Aluminum,41.27,2.63,296,78,427,0.3243,1.0
PTFE,5.68,2.21,439,149,505,2.9906,1.0
Brass,45.36,8.37,756,116,261,1.0223,1.0
Bronze,51.86,8.6,303,111,966,0.1943,1.0
Copper,51.73,8.87,798,109,940,0.3022,1.0
Ceramic,98.9,3.69,648,125,397,0.4569,1.0
Tungsten,92.33,19.03,201,98,440,0.2232,0.7782
Steel,69.79,7.86,514,128,823,0.274,1.0
Aluminum,51.21,2.62,139,129,910,0.0721,1.0
Bronze,74.74,8.88,615,97,271,0.4759,1.0
Aluminum,56.48,2.61,543,97,786,0.3048,1.0
Brass,62.25,8.31,771,104,839,0.3877,1.0
CastIron,74.26,7.35,87,198,926,0.0803,1.0
Ceramic,94.22,3.99,92,48,781,0.0816,0.5585
Tungsten,94.49,19.35,268,154,479,0.2623,1.0
Inconel,96.61,8.44,599,169,410,0.4247,1.0
Graphite,12.72,1.83,663,8,998,0.1105,0.485
Titanium,90.12,4.53,311,5,964,0.0616,0.118
Bronze,63.85,8.73,297,41,852,0.1941,0.7134
Brass,58.87,8.42,273,175,441,0.3941,1.0
Nickel,64.28,8.72,72,79,882,0.1798,1.0
Aluminum,57.52,2.75,34,35,444,0.1072,0.5567
Nickel,64.2,8.86,739,56,765,0.1825,0.6359
Graphite,15.76,1.9,231,63,74,1.7183,1.0
Nickel,68.48,8.86,583,163,796,0.3021,1.0
Aluminum,47.01,2.71,716,129,531,0.5967,1.0
CastIron,89.94,7.33,396,20,527,0.125,0.2471
Brass,63.71,8.58,115,153,444,0.2681,1.0
CastIron,77.59,7.13,722,98,991,0.31,1.0
Inconel,94.33,8.24,295,125,813,0.0788,0.985
Bronze,53.44,8.89,256,75,138,0.3594,1.0
Graphite,11.39,1.88,750,147,884,1.4026,1.0
Inconel,81.68,8.33,125,23,910,0.0419,0.4632
Graphite,17.98,2.19,264,167,805,0.4963,1.0
CastIron,71.78,7.25,296,61,252,0.201,0.7832
Copper,51.19,8.82,119,106,606,0.1091,1.0
Bronze,52.79,8.66,51,118,705,0.0845,1.0
Brass,61.18,8.45,477,32,407,0.26,0.4943
Steel,71.85,7.88,431,188,628,0.3225,1.0
PTFE,10.16,2.16,205,89,767,0.3195,1.0
PTFE,12.11,2.17,689,173,769,1.7719,1.0
Aluminum,43.94,2.65,327,182,689,0.3737,1.0
Ceramic,91.52,3.59,642,180,542,0.3316,1.0
Graphite,24.82,2.12,661,123,823,0.5884,1.0
PTFE,6.12,2.28,115,112,566,0.5607,1.0
Steel,74.31,7.71,447,27,97,0.3001,0.2965
Copper,44.72,8.9,755,140,672,0.4899,1.0
Nickel,62.87,8.71,687,69,986,0.1168,1.0
Graphite,20.61,2.16,140,155,169,0.8242,1.0
Nickel,71.06,8.71,708,63,157,0.5891,0.9278
Graphite,24.44,2.11,354,154,857,0.5168,1.0
Inconel,85.98,8.17,253,95,175,0.3824,0.9144
Brass,62.36,8.45,400,164,581,0.2858,1.0
Graphite,17.62,2.14,244,134,105,2.2407,1.0
Zinc,27.18,7.1,296,186,379,0.7565,1.0
CastIron,78.39,7.21,677,67,573,0.2465,0.8011
Steel,83.46,7.87,405,112,89,0.8867,1.0
Zinc,37.58,7.05,442,150,660,0.497,1.0
Copper,54.41,9.0,783,59,457,0.3523,0.837
Magnesium,30.08,1.9,497,121,141,1.805,1.0
Aluminum,44.29,2.66,198,92,957,0.1377,1.0
Steel,67.2,7.82,67,149,195,0.1122,1.0
Bronze,56.45,8.77,580,86,923,0.3078,1.0
Magnesium,43.61,1.9,271,97,553,0.1544,1.0
Ceramic,92.82,3.88,536,145,793,0.2505,1.0
PTFE,9.29,2.12,236,159,432,1.2445,1.0
Bronze,74.95,8.63,519,34,540,0.1762,0.6312
Brass,54.55,8.56,133,191,764,0.2471,1.0
Bronze,72.53,8.66,451,151,791,0.3439,1.0
Copper,42.51,8.8,118,177,478,0.1701,1.0
Aluminum,53.81,2.63,774,27,744,0.1628,0.5641
Graphite,21.98,1.86,641,48,923,0.2159,1.0
Titanium,82.61,4.54,532,19,207,0.114,0.4715
Bronze,50.15,8.81,225,166,901,0.1477,1.0
Aluminum,58.26,2.7,397,17,52,0.448,0.4616
Graphite,15.75,2.07,311,99,578,0.4701,1.0
Magnesium,38.3,1.67,542,95,297,0.5862,1.0
Brass,57.82,8.65,607,145,556,0.448,1.0
Copper,40.67,8.97,225,58,312,0.2621,1.0
Nickel,65.83,8.78,333,172,640,0.2448,1.0
Tungsten,94.09,19.33,160,10,888,0.0513,0.1418
Magnesium,36.63,1.69,754,157,308,1.3293,1.0
Tungsten,91.07,19.21,705,174,315,0.567,1.0
Nickel,67.78,8.87,39,56,376,0.1103,0.6965
Graphite,15.28,1.81,695,167,154,6.3472,1.0
Nickel,68.33,8.86,51,86,752,0.0763,1.0
Tungsten,95.51,19.07,660,86,88,0.997,0.6541
Nickel,75.02,8.82,178,196,784,0.2312,1.0
Brass,51.83,8.66,726,39,904,0.1043,0.7148
Copper,35.23,8.92,303,15,63,0.3541,0.3483
Bronze,68.85,8.62,84,78,489,0.0559,0.8699
Graphite,10.98,2.06,322,27,389,0.3868,1.0
Zinc,34.35,7.18,158,8,231,0.0596,0.4482
Graphite,11.5,2.05,158,28,691,0.2385,1.0
Bronze,60.75,8.61,795,133,714,0.4707,1.0
Zinc,26.45,7.15,480,55,608,0.3656,1.0
Steel,72.1,7.75,242,114,839,0.2276,1.0
Nickel,71.48,8.89,118,104,610,0.1607,1.0
CastIron,78.54,7.01,291,128,854,0.138,1.0
Brass,52.42,8.54,509,159,617,0.448,1.0
Inconel,96.92,8.42,235,76,414,0.1362,0.581
CastIron,73.23,7.32,680,172,762,0.3597,1.0
Titanium,86.05,4.52,625,151,308,0.4742,1.0
Magnesium,43.05,1.68,453,124,210,0.8484,1.0
Zinc,36.78,7.03,647,97,675,0.4123,1.0
PTFE,9.04,2.12,470,56,573,0.7448,1.0
Copper,46.98,8.91,405,67,997,0.1288,1.0
Ceramic,98.55,3.61,480,139,805,0.1401,1.0
Brass,62.31,8.5,51,122,68,0.2083,1.0
Titanium,77.31,4.44,526,12,493,0.1801,0.422
Bronze,50.41,8.63,196,21,535,0.0377,0.55
Bronze,70.58,8.64,474,70,271,0.3242,0.974
Graphite,10.22,1.83,421,88,311,1.6112,1.0
Tungsten,99.3,19.28,405,87,472,0.2397,0.8742
Tungsten,90.39,19.24,79,58,964,0.1577,0.5023
PTFE,9.11,2.27,726,196,983,2.0291,1.0
Copper,49.75,8.95,744,51,554,0.3117,0.9681
Graphite,21.53,1.92,472,139,109,3.6241,1.0
Ceramic,86.42,3.56,577,190,829,0.2377,1.0
Ceramic,95.65,3.68,179,145,529,0.2129,1.0
CastIron,73.64,7.03,519,80,839,0.2666,0.9668
Nickel,76.46,8.78,531,78,260,0.3428,0.8077
Ceramic,93.7,3.98,551,123,892,0.1743,1.0
Titanium,77.51,4.43,316,185,194,0.6442,1.0
Nickel,74.06,8.88,634,83,962,0.1853,0.9402
Nickel,73.88,8.85,348,181,444,0.4026,1.0
Nickel,63.12,8.86,205,44,595,0.1488,0.7233
Inconel,96.68,8.43,542,53,108,0.465,0.5845
Steel,68.74,7.75,491,164,425,0.3643,1.0
Ceramic,99.72,3.66,107,182,539,0.1669,1.0
Copper,35.8,8.88,446,143,428,0.6556,1.0
Zinc,36.73,7.14,65,194,406,0.2853,1.0
Zinc,35.01,7.08,532,116,417,0.5839,1.0
Magnesium,30.53,1.71,463,38,949,0.1876,1.0
PTFE,13.13,2.21,571,7,428,0.225,0.4306
Ceramic,99.69,3.96,212,150,773,0.1356,1.0
CastIron,72.49,7.27,389,51,506,0.0839,0.5554
Steel,74.75,7.87,349,138,464,0.3659,1.0
Steel,80.01,7.71,708,175,215,0.9763,1.0
CastIron,71.77,7.01,430,38,490,0.2253,0.5583
Aluminum,47.12,2.63,508,197,89,3.0119,1.0
Aluminum,41.04,2.63,371,68,624,0.3171,1.0
Inconel,88.39,8.44,498,145,150,0.8742,1.0
Ceramic,99.85,3.62,196,73,747,0.2011,0.544
Inconel,85.18,8.23,30,150,382,0.0369,1.0
Graphite,16.37,2.05,737,152,594,1.5661,1.0
Aluminum,41.83,2.68,406,87,181,0.7178,1.0
Titanium,79.23,4.44,535,65,660,0.2688,0.684
Inconel,90.25,8.15,438,86,642,0.1913,0.7307
Steel,78.91,7.73,468,13,531,0.0499,0.3003
Magnesium,44.18,1.7,306,130,205,0.7456,1.0
Graphite,10.32,1.81,272,67,177,1.4413,1.0
CastIron,74.03,7.05,600,182,768,0.4179,1.0
CastIron,79.64,7.21,673,56,173,0.5123,0.5501
Zinc,32.05,7.05,32,190,232,0.123,1.0
Nickel,73.26,8.85,285,136,466,0.2416,1.0
PTFE,12.8,2.12,118,82,479,0.2656,1.0
Nickel,65.52,8.72,535,57,404,0.1918,0.6473
CastIron,79.28,7.38,726,42,57,0.8612,0.7019
Inconel,92.45,8.4,509,69,570,0.1773,0.6596
Magnesium,35.41,1.89,512,141,234,1.1351,1.0
Nickel,60.39,8.89,678,17,763,0.0488,0.4014
Zinc,35.53,7.01,225,131,886,0.3129,1.0
Magnesium,34.78,1.7,747,76,624,0.5096,1.0
Graphite,24.66,1.82,126,31,330,0.102,1.0
Ceramic,92.3,3.78,377,34,889,0.0389,0.4635
CastIron,82.54,7.39,297,11,125,0.1862,0.4375
PTFE,11.99,2.2,168,155,588,0.4877,1.0
Graphite,23.7,1.89,654,148,365,1.5394,1.0
Graphite,11.01,2.1,432,67,628,0.5785,1.0
Bronze,63.52,8.66,245,151,384,0.3444,1.0
Graphite,17.17,1.86,623,64,807,0.5234,1.0
Graphite,24.81,2.03,372,134,583,0.6287,1.0
Bronze,63.77,8.62,782,19,612,0.1026,0.5376
Titanium,80.0,4.55,164,56,427,0.1418,0.5569
Inconel,81.75,8.19,799,182,115,2.0476,1.0
Titanium,75.29,4.48,413,137,462,0.3717,1.0
Brass,53.25,8.58,369,40,931,0.1923,0.6454
Steel,70.07,7.83,574,57,789,0.1296,0.8082
Zinc,39.65,7.18,654,154,812,0.5773,1.0
Bronze,74.09,8.69,147,20,261,0.0358,0.361
Aluminum,44.23,2.6,86,174,930,0.0825,1.0
Tungsten,91.83,19.22,383,185,681,0.1607,1.0
Nickel,70.21,8.71,569,84,523,0.3473,0.9919
Aluminum,47.22,2.73,317,122,942,0.12,1.0
Steel,84.4,7.82,794,50,563,0.1155,0.4754
Titanium,81.31,4.46,725,66,816,0.2297,0.8516
Graphite,14.02,1.83,477,175,492,1.6737,1.0
Graphite,14.8,2.0,786,155,570,1.8177,1.0
Tungsten,90.2,19.12,319,5,425,0.0931,0.1915
Brass,46.62,8.36,493,24,136,0.2582,0.4291
CastIron,74.62,7.27,39,135,686,0.0554,1.0
Zinc,34.95,7.03,735,11,550,0.1641,0.3329
CastIron,78.47,7.3,84,102,425,0.1071,0.9297
Bronze,55.85,8.62,93,168,938,0.0643,1.0
Tungsten,94.16,19.06,530,140,164,0.6516,1.0
Aluminum,56.6,2.76,348,40,170,0.3062,0.7716
Nickel,62.4,8.85,492,39,510,0.1997,0.5463
CastIron,71.59,7.21,534,142,205,0.7324,1.0
Bronze,74.66,8.82,230,128,933,0.1936,1.0
Magnesium,38.38,1.65,770,104,948,0.4132,1.0
CastIron,71.35,7.08,509,144,864,0.3019,1.0
Copper,53.77,8.97,108,81,313,0.1844,1.0
CastIron,81.95,7.24,235,167,577,0.1834,1.0
Ceramic,93.2,3.6,774,21,408,0.1614,0.5001
Titanium,94.82,4.42,564,56,327,0.2659,0.6461
Inconel,83.92,8.29,219,166,359,0.2605,1.0
Steel,83.1,7.8,341,126,229,0.3778,1.0
Magnesium,39.74,1.68,471,191,921,0.4692,1.0
PTFE,13.7,2.26,35,97,341,0.1299,1.0
Bronze,57.71,8.66,677,98,804,0.3658,1.0
Tungsten,90.46,19.17,695,8,210,0.0832,0.1399
Tungsten,99.03,19.16,653,17,325,0.1362,0.3228
Titanium,94.13,4.52,372,8,633,0.0705,0.1414
Magnesium,34.14,1.76,166,178,785,0.2541,1.0
Zinc,39.84,7.19,719,173,923,0.4661,1.0
Inconel,94.15,8.13,479,50,980,0.172,0.4281
PTFE,11.93,2.29,128,99,474,0.3851,1.0
Steel,74.04,7.83,625,199,522,0.5244,1.0
PTFE,10.67,2.13,270,197,770,0.9278,1.0
Brass,51.87,8.64,414,24,753,0.1992,0.5608
Magnesium,39.32,1.85,139,125,630,0.2613,1.0
Bronze,64.48,8.9,235,38,789,0.1991,0.4578
Inconel,88.61,8.24,700,149,807,0.2325,1.0
PTFE,9.28,2.23,372,68,185,2.0351,1.0
Magnesium,31.37,1.71,94,92,623,0.1886,1.0
Aluminum,57.5,2.65,32,56,369,0.1722,0.9801
CastIron,85.2,7.38,385,137,457,0.2096,1.0
Copper,53.13,8.93,97,178,952,0.1685,1.0
Ceramic,95.3,3.86,161,118,959,0.1555,0.9682
Aluminum,42.38,2.78,578,83,415,0.4977,1.0
Bronze,66.56,8.68,398,33,63,0.5297,0.6382
PTFE,14.84,2.26,730,6,561,0.1173,0.3489
Ceramic,97.36,3.83,395,10,259,0.1929,0.3692
Nickel,69.25,8.85,450,5,804,0.112,0.1555
Brass,61.08,8.65,270,52,571,0.2453,0.8588
PTFE,11.24,2.3,72,143,747,0.2249,1.0
Aluminum,42.46,2.64,357,91,386,0.3075,1.0
Ceramic,98.09,3.99,357,21,309,0.1166,0.2216
Bronze,53.89,8.82,148,19,735,0.0685,0.4004
Nickel,73.48,8.75,519,118,63,1.7664,1.0
CastIron,71.4,7.22,604,91,709,0.18,1.0
Tungsten,92.18,19.02,660,135,434,0.4003,1.0
PTFE,10.01,2.16,593,17,981,0.2492,1.0
Inconel,81.74,8.22,391,10,998,0.0614,0.3548
Titanium,91.79,4.43,307,193,110,0.7906,1.0
Graphite,12.83,2.03,402,179,561,1.3935,1.0
Steel,72.92,7.8,57,95,899,0.0851,1.0
Inconel,86.45,8.15,400,70,62,0.7296,0.7518
Tungsten,90.05,19.36,176,65,181,0.1659,0.6889
Steel,78.55,7.85,768,18,440,0.1166,0.2655
Ceramic,95.15,3.56,237,6,376,0.196,0.2441
Magnesium,34.86,1.82,387,116,112,1.5129,1.0
Tungsten,96.5,19.38,375,34,572,0.2051,0.3815
Zinc,32.28,7.06,111,66,938,0.19,1.0
Copper,40.14,8.93,241,19,856,0.1684,0.6563
Copper,46.5,8.92,63,51,591,0.1004,1.0
Nickel,61.45,8.73,550,196,491,0.4951,1.0
CastIron,71.62,7.29,740,37,271,0.2843,0.6123
Magnesium,31.3,1.82,609,95,285,0.9267,1.0
CastIron,89.88,7.06,766,190,667,0.3452,1.0
Magnesium,32.82,1.63,697,150,744,0.6441,1.0
Nickel,62.2,8.75,287,157,925,0.278,1.0
Brass,54.39,8.51,502,29,360,0.2396,0.5385
Brass,48.48,8.69,678,98,71,2.5569,1.0
Aluminum,51.21,2.65,78,111,680,0.1872,1.0
PTFE,8.6,2.13,598,72,256,2.5995,1.0
Steel,75.12,7.8,556,95,669,0.1906,1.0
Steel,78.03,7.85,450,127,562,0.275,1.0
Steel,77.49,7.76,254,86,598,0.0952,0.9003
Zinc,37.82,7.04,365,115,728,0.2107,1.0
Aluminum,55.16,2.69,219,105,72,0.8431,1.0
Inconel,95.06,8.17,127,200,352,0.1687,1.0
CastIron,85.74,7.21,681,53,527,0.2669,0.7203
Aluminum,40.62,2.62,579,175,71,4.402,1.0
Inconel,83.07,8.4,57,24,130,0.0269,0.4406
Tungsten,98.63,19.12,128,135,345,0.1881,1.0
CastIron,84.71,7.23,486,147,208,0.6025,1.0
Magnesium,33.5,1.64,328,141,699,0.3115,1.0
Bronze,50.01,8.89,440,161,454,0.5289,1.0
Bronze,68.02,8.78,89,167,266,0.1764,1.0
Aluminum,48.24,2.74,691,197,134,2.6749,1.0
Zinc,39.18,7.17,45,158,456,0.1719,1.0
Nickel,61.76,8.76,122,178,564,0.1595,1.0
Tungsten,91.13,19.4,49,126,902,0.0626,1.0
Steel,70.97,7.9,478,27,798,0.1248,0.347
PTFE,14.11,2.3,730,21,553,0.416,1.0
CastIron,74.41,7.27,536,111,343,0.4238,1.0
Zinc,25.51,7.01,139,20,104,0.1971,0.6931
Nickel,73.5,8.79,759,26,754,0.1857,0.4884
Zinc,34.61,7.04,588,188,614,0.6855,1.0
Tungsten,98.03,19.18,579,178,450,0.3808,1.0
Graphite,23.68,1.87,388,130,556,0.5805,1.0
CastIron,71.55,7.28,648,68,324,0.3063,0.736
Bronze,73.57,8.87,93,157,527,0.2402,1.0
Ceramic,99.14,3.99,49,187,805,0.161,1.0
Steel,76.08,7.88,710,8,609,0.2008,0.337
Tungsten,98.99,19.38,548,150,300,0.536,1.0
CastIron,78.31,7.06,321,139,478,0.281,1.0
Steel,65.62,7.75,151,99,974,0.1061,1.0
Nickel,79.45,8.77,312,101,379,0.1707,1.0
Inconel,97.54,8.18,618,140,876,0.2183,1.0
Copper,43.84,8.81,541,125,489,0.4665,1.0
Tungsten,93.48,19.12,530,25,750,0.2121,0.3419
Ceramic,89.8,3.96,617,188,725,0.2678,1.0
CastIron,78.82,7.2,169,56,923,0.1381,0.7033
Zinc,25.67,7.04,524,133,71,4.867,1.0
Inconel,94.44,8.43,584,59,213,0.3756,0.6244
Brass,46.7,8.37,372,111,421,0.3547,1.0
Nickel,63.18,8.89,505,92,793,0.1567,1.0
Brass,56.28,8.41,107,69,834,0.1843,1.0
Steel,77.66,7.76,664,113,434,0.4315,1.0
PTFE,12.48,2.23,60,166,347,0.4804,1.0
Copper,50.09,8.84,117,13,986,0.1167,0.447
Aluminum,55.8,2.69,623,15,750,0.0966,0.3272
Copper,42.95,8.97,407,45,185,0.3141,0.8765
Magnesium,37.04,1.7,634,200,188,2.3464,1.0
Bronze,55.61,8.69,165,11,449,0.1631,0.2679
Magnesium,32.84,1.62,619,55,620,0.3817,1.0
Brass,48.31,8.36,612,111,474,0.4527,1.0
Copper,43.54,8.93,279,155,435,0.3405,1.0
Titanium,83.54,4.41,278,148,928,0.1207,1.0
Graphite,21.09,2.01,92,35,604,0.1745,1.0
Brass,62.86,8.38,728,76,141,0.8931,1.0
Inconel,95.97,8.25,572,186,212,0.8079,1.0
Ceramic,89.44,3.59,104,198,304,0.2171,1.0
Zinc,28.41,7.07,641,45,462,0.4025,1.0
CastIron,80.04,7.37,540,159,202,0.848,1.0
Inconel,97.77,8.15,564,46,894,0.2103,0.5
CastIron,82.07,7.1,377,13,698,0.0318,0.4393
Tungsten,94.54,19.25,71,195,553,0.2282,1.0
PTFE,9.18,2.12,643,20,509,0.4562,1.0
Titanium,92.71,4.53,400,86,74,0.7095,0.7338
Graphite,12.77,1.91,240,30,166,0.5248,1.0
Steel,78.32,7.72,270,26,903,0.1445,0.5311
Zinc,25.66,7.14,660,170,146,3.861,1.0
Aluminum,52.15,2.61,516,164,526,0.5242,1.0
Bronze,67.17,8.72,503,37,231,0.3045,0.6027
Tungsten,98.46,19.34,91,147,988,0.1675,1.0
Aluminum,57.09,2.6,332,194,388,0.5032,1.0
PTFE,5.78,2.2,645,109,110,13.9206,1.0
Titanium,85.09,4.44,26,164,732,0.1404,1.0
Nickel,69.78,8.79,189,107,817,0.1832,1.0
Magnesium,37.57,1.63,564,73,322,0.5599,1.0
Copper,51.97,8.83,287,117,835,0.1372,1.0
Magnesium,44.14,1.69,265,79,156,0.4165,1.0
Brass,64.86,8.66,237,103,741,0.1106,1.0
Nickel,68.46,8.73,661,48,765,0.117,0.6763
Steel,81.13,7.88,641,132,867,0.1643,1.0
Inconel,96.43,8.35,81,165,873,0.1904,1.0
Zinc,35.92,7.1,433,17,728,0.1109,0.4688
Graphite,22.5,2.09,86,153,904,0.1832,1.0
Aluminum,44.06,2.66,456,177,917,0.3845,1.0
Brass,57.56,8.42,351,184,730,0.2235,1.0
CastIron,73.15,7.06,424,41,877,0.065,0.5564
Graphite,22.35,1.83,556,179,79,7.2029,1.0
Tungsten,97.84,19.38,609,38,582,0.2089,0.4372
Brass,52.38,8.66,765,56,533,0.3844,0.9705
Graphite,15.49,2.06,320,182,892,0.5967,1.0
Inconel,87.28,8.15,430,122,702,0.1857,1.0
Aluminum,54.6,2.78,120,48,828,0.1548,0.6661
Tungsten,97.42,19.32,613,36,302,0.2522,0.5611
Bronze,51.8,8.81,465,56,629,0.2328,0.854
Steel,83.85,7.79,396,153,632,0.1698,1.0
Nickel,68.84,8.86,626,99,50,2.401,1.0
CastIron,77.64,7.04,111,173,82,0.5484,1.0
Zinc,38.73,7.01,622,172,454,0.7981,1.0
Nickel,61.28,8.8,183,170,927,0.1067,1.0
Graphite,19.12,2.1,571,49,787,0.2589,1.0
Titanium,80.38,4.5,254,148,541,0.1703,1.0
PTFE,5.19,2.16,427,28,740,0.537,1.0
Tungsten,97.51,19.03,522,31,726,0.1094,0.4766
Ceramic,86.38,3.56,580,41,840,0.1901,0.4835
Magnesium,41.79,1.62,429,181,741,0.4016,1.0
Zinc,35.89,7.09,276,105,875,0.298,1.0
Brass,56.4,8.45,44,160,448,0.0901,1.0
Tungsten,91.46,19.39,528,71,767,0.1807,0.834
Copper,44.69,8.85,389,52,156,0.5244,0.8916
Brass,58.99,8.62,751,95,171,1.0051,1.0
PTFE,14.77,2.29,146,182,591,0.5097,1.0
Ceramic,85.27,3.52,292,23,394,0.0705,0.2986
Copper,43.94,8.81,377,91,633,0.2451,1.0
CastIron,82.94,7.08,564,80,218,0.5062,0.882
CastIron,77.34,7.18,498,87,515,0.1544,0.8105
Ceramic,91.16,3.76,693,109,221,0.5916,0.8667
CastIron,84.11,7.07,440,140,979,0.2375,1.0
Magnesium,31.21,1.65,578,32,393,0.2039,0.9972
Zinc,38.76,7.03,427,191,927,0.37,1.0
Nickel,62.52,8.77,170,59,819,0.0648,0.7546
Brass,48.91,8.33,179,131,393,0.2768,1.0
Titanium,83.93,4.46,453,81,637,0.1752,0.9089
Bronze,50.89,8.77,477,53,637,0.1773,0.8117
Nickel,67.5,8.79,86,134,980,0.1471,1.0
Magnesium,32.68,1.8,729,69,836,0.323,1.0
Brass,56.87,8.34,433,95,727,0.2654,1.0
Bronze,59.44,8.78,159,149,258,0.2526,1.0
Nickel,68.3,8.77,238,158,746,0.1325,1.0
CastIron,88.42,7.09,146,62,756,0.1634,0.598
Inconel,80.56,8.45,799,22,866,0.1505,0.4322
Titanium,91.94,4.48,530,108,321,0.2685,0.9703
PTFE,8.76,2.27,366,98,274,1.9809,1.0
Zinc,34.03,7.14,594,180,670,0.7495,1.0
Inconel,91.25,8.24,267,12,139,0.1416,0.4228
Tungsten,91.1,19.23,435,92,231,0.2644,0.9321
CastIron,84.25,7.17,335,42,898,0.048,0.6031
Magnesium,38.55,1.73,775,107,198,1.3715,1.0
Tungsten,95.27,19.23,401,197,560,0.3236,1.0
Inconel,88.01,8.38,362,74,198,0.3614,0.8713
Nickel,68.33,8.71,72,89,655,0.198,0.9413
Bronze,62.22,8.65,673,165,121,1.9982,1.0
Graphite,21.21,2.07,313,190,745,0.6028,1.0
Ceramic,97.69,3.78,470,136,128,0.8231,1.0
CastIron,73.93,7.12,755,127,695,0.2621,1.0
PTFE,10.74,2.24,505,161,426,2.2606,1.0
Steel,75.21,7.73,615,122,684,0.237,1.0
Copper,44.38,9.0,467,48,192,0.3401,0.9709
Brass,62.86,8.56,90,98,826,0.1928,1.0
Copper,51.6,8.94,307,33,518,0.1727,0.6902
Zinc,29.46,7.08,94,131,427,0.2452,1.0
Tungsten,92.04,19.18,626,84,578,0.2295,0.9088
Copper,38.55,8.81,140,38,81,0.3927,0.895
Magnesium,40.11,1.76,119,188,826,0.1142,1.0
Bronze,65.86,8.84,339,22,476,0.0956,0.2787
Copper,46.89,8.8,289,89,861,0.1742,1.0
Zinc,37.37,7.06,593,115,768,0.4765,1.0
Zinc,31.37,7.11,267,87,547,0.3533,1.0
Graphite,11.07,1.91,197,66,722,0.3551,1.0
Zinc,26.77,7.17,575,131,66,5.429,1.0
Graphite,17.85,1.95,497,45,518,0.3957,1.0
Nickel,73.57,8.83,55,157,462,0.0927,1.0
Brass,47.49,8.37,232,102,123,0.6965,1.0
Inconel,82.34,8.49,541,123,261,0.4986,1.0
Nickel,63.75,8.87,600,176,98,2.1682,1.0
Copper,41.22,8.87,161,96,130,0.5399,1.0
Steel,76.42,7.81,395,13,884,0.1141,0.4532
CastIron,80.18,7.04,112,35,198,0.0775,0.5539
Steel,76.88,7.78,595,29,631,0.1308,0.4899
CastIron,73.29,7.26,267,185,311,0.2992,1.0
Nickel,79.46,8.71,642,180,628,0.4205,1.0
CastIron,70.25,7.36,736,49,667,0.2274,0.7964
Brass,50.44,8.42,703,163,408,0.8069,1.0
Graphite,23.75,2.13,703,192,261,2.7512,1.0
Copper,40.29,8.88,205,115,89,0.987,1.0
Titanium,75.6,4.54,371,144,268,0.4328,1.0
Nickel,68.54,8.71,560,56,255,0.275,0.8396
Steel,81.88,7.74,444,133,981,0.1332,1.0
Inconel,83.04,8.12,684,52,913,0.0888,0.479
Magnesium,39.3,1.71,423,191,429,0.6757,1.0
Nickel,70.24,8.77,416,197,392,0.4255,1.0
Aluminum,54.0,2.7,354,25,206,0.2926,0.6315
Steel,69.89,7.79,203,24,457,0.1192,0.5554
Titanium,79.38,4.56,425,37,107,0.421,0.4781
Nickel,70.76,8.89,311,10,617,0.0497,0.2625
Magnesium,42.59,1.8,544,52,932,0.2538,0.9949
Tungsten,98.12,19.4,413,112,124,0.5962,1.0
Zinc,29.73,7.1,296,181,171,1.4394,1.0
Inconel,92.71,8.34,352,23,393,0.2134,0.2703
Aluminum,47.1,2.63,622,16,691,0.1167,0.4189
PTFE,11.2,2.2,609,152,484,2.1586,1.0
Magnesium,37.07,1.66,222,147,861,0.1465,1.0
CastIron,87.11,7.02,767,135,168,1.0347,1.0
Titanium,86.93,4.5,771,189,471,0.591,1.0
Graphite,18.7,1.95,174,16,114,0.3566,0.8935
Brass,47.13,8.32,593,102,150,1.1352,1.0
Copper,50.02,8.96,282,61,175,0.4292,1.0
Aluminum,50.49,2.74,133,119,455,0.2334,1.0
Aluminum,55.41,2.78,275,79,288,0.3335,1.0
Magnesium,43.34,1.63,118,197,899,0.093,1.0
Steel,67.3,7.74,331,155,675,0.2813,1.0
Copper,44.46,8.9,129,104,707,0.1497,1.0
PTFE,11.11,2.22,83,130,815,0.3235,1.0
PTFE,13.69,2.12,417,169,287,2.4128,1.0
PTFE,12.86,2.17,321,43,131,1.0686,1.0
Inconel,97.25,8.41,551,84,931,0.1738,0.9158
Inconel,92.38,8.39,62,147,969,0.0361,1.0
Titanium,91.46,4.43,532,97,316,0.3501,0.7611
Ceramic,97.26,3.66,571,61,639,0.233,0.5932
Aluminum,41.11,2.63,301,136,291,0.617,1.0
Ceramic,85.77,3.73,302,86,131,0.3273,0.9423
Aluminum,55.15,2.67,445,8,925,0.121,0.296
PTFE,12.1,2.13,788,190,910,1.7293,1.0
Magnesium,33.52,1.75,323,165,933,0.3284,1.0
Copper,35.86,8.89,770,92,250,1.0028,1.0
Bronze,57.59,8.69,54,116,226,0.0743,1.0
Nickel,74.03,8.82,206,126,258,0.2843,1.0
Tungsten,93.68,19.07,214,163,665,0.1662,1.0
Zinc,33.66,7.11,256,118,638,0.3351,1.0
Zinc,39.65,7.09,430,55,491,0.2236,0.9937
Steel,76.16,7.74,102,101,349,0.1794,1.0
Inconel,92.47,8.32,621,68,609,0.2913,0.6645
Ceramic,97.61,3.87,44,173,988,0.1308,1.0
Aluminum,51.68,2.62,670,129,961,0.4003,1.0
Tungsten,95.83,19.39,479,47,799,0.0645,0.5735
Graphite,22.56,1.85,44,134,292,0.2126,1.0
Zinc,38.12,7.02,673,130,247,1.1872,1.0
Aluminum,45.89,2.67,177,175,517,0.3118,1.0
Brass,53.38,8.63,456,185,846,0.4333,1.0
Copper,39.38,8.82,755,26,273,0.3129,0.5778
Tungsten,98.16,19.18,169,142,666,0.088,1.0
Graphite,15.3,2.12,91,62,956,0.1904,1.0
Titanium,75.89,4.55,522,44,444,0.212,0.6437
Titanium,84.14,4.41,533,189,598,0.3402,1.0
Zinc,34.11,7.16,735,45,523,0.4227,1.0
Aluminum,51.35,2.64,408,110,218,0.5486,1.0
Titanium,82.21,4.55,596,133,751,0.2879,1.0
PTFE,9.69,2.19,48,113,876,0.1059,1.0
Ceramic,85.56,3.65,238,130,991,0.2372,1.0
PTFE,9.73,2.19,740,104,819,1.3677,1.0
Tungsten,94.82,19.32,799,180,642,0.3263,1.0
Zinc,34.21,7.05,668,88,99,2.2055,1.0
Magnesium,42.99,1.71,247,185,766,0.2485,1.0
Brass,53.86,8.67,235,105,312,0.3215,1.0
PTFE,9.15,2.21,55,121,935,0.2818,1.0
Titanium,89.83,4.5,388,168,99,0.9297,1.0
Ceramic,92.41,3.63,296,19,209,0.2248,0.19
Copper,43.3,8.96,358,128,236,0.7513,1.0
PTFE,11.69,2.13,121,122,420,0.4792,1.0
Titanium,80.77,4.47,675,11,894,0.0391,0.3594
Copper,53.67,8.82,720,167,425,0.772,1.0
Steel,65.27,7.79,248,141,121,0.6683,1.0
Tungsten,91.38,19.3,315,13,455,0.135,0.2301
Tungsten,97.39,19.01,798,120,509,0.4085,0.9149
Steel,68.37,7.84,480,50,389,0.1637,0.6973
PTFE,5.83,2.16,673,137,675,3.1022,1.0
Graphite,10.31,1.98,371,191,519,1.6911,1.0
Titanium,93.48,4.54,600,111,193,0.558,1.0
Inconel,94.78,8.28,397,152,349,0.357,1.0
Brass,50.56,8.45,515,84,722,0.3469,1.0
Aluminum,44.99,2.67,661,195,226,1.6584,1.0
PTFE,14.75,2.21,284,151,581,0.7094,1.0
Ceramic,89.43,3.97,362,110,159,0.4214,1.0
Nickel,76.08,8.83,749,106,921,0.3286,0.9966
Titanium,79.98,4.44,580,157,262,0.6181,1.0
Graphite,22.29,2.1,691,64,405,0.668,1.0
CastIron,81.51,7.14,289,188,498,0.2269,1.0
CastIron,76.05,7.14,179,175,708,0.2334,1.0
Tungsten,95.03,19.38,744,126,716,0.2358,1.0
Graphite,14.1,2.0,433,147,978,0.7172,1.0
Tungsten,95.73,19.16,663,167,308,0.6214,1.0
Inconel,80.99,8.46,364,49,591,0.0806,0.7321
Magnesium,34.15,1.75,260,198,213,1.0483,1.0
Nickel,65.5,8.81,319,162,209,0.6506,1.0
Ceramic,93.52,3.69,66,7,464,0.1205,0.2114
Zinc,38.8,7.19,381,70,567,0.2285,1.0
Magnesium,36.52,1.88,304,104,652,0.1766,1.0
Tungsten,91.16,19.35,591,90,787,0.2214,0.8711
Steel,68.6,7.85,423,160,749,0.2047,1.0
PTFE,11.9,2.27,453,162,727,1.1798,1.0
Copper,51.65,8.91,484,100,83,1.4769,1.0
Brass,46.62,8.48,299,11,829,0.1317,0.4772
Tungsten,91.71,19.17,453,102,731,0.2501,0.8388
Magnesium,37.37,1.62,75,168,533,0.1132,1.0
Inconel,87.35,8.15,320,135,695,0.1572,1.0
CastIron,73.19,7.23,127,90,407,0.182,0.941
Bronze,56.03,8.63,558,80,274,0.4464,1.0
Nickel,77.65,8.83,47,37,737,0.1882,0.5579
Copper,35.54,8.99,167,174,506,0.2917,1.0
Graphite,18.8,1.93,202,127,550,0.3876,1.0
Ceramic,88.2,3.97,450,23,978,0.126,0.3296
CastIron,87.08,7.1,173,94,852,0.0617,0.9144
Copper,47.69,8.91,166,83,603,0.1946,1.0
Copper,39.91,8.93,480,15,374,0.073,0.5565
Titanium,91.35,4.48,128,75,410,0.0983,0.7933
Tungsten,91.87,19.15,389,167,148,0.7266,1.0
Tungsten,96.73,19.2,559,69,376,0.2013,0.7493
Zinc,38.31,7.1,589,149,344,0.9264,1.0
Titanium,76.89,4.57,386,69,837,0.2312,0.9259
Brass,58.39,8.39,495,178,349,0.6457,1.0
Steel,65.49,7.77,464,80,190,0.5611,0.9216
Steel,69.41,7.81,428,91,431,0.2695,1.0
CastIron,70.4,7.23,297,27,75,0.3827,0.3619
Nickel,69.76,8.74,462,123,311,0.3719,1.0
Copper,46.07,8.9,535,180,836,0.4663,1.0
Ceramic,91.83,3.59,694,10,401,0.1238,0.2478
Aluminum,52.89,2.76,694,151,334,0.8762,1.0
Magnesium,40.49,1.72,560,196,786,0.4534,1.0
Nickel,73.56,8.85,201,95,593,0.1075,1.0
Steel,67.56,7.87,356,109,874,0.1923,1.0
Titanium,76.13,4.45,191,90,765,0.0474,1.0
Graphite,19.9,1.98,778,148,959,0.8214,1.0
PTFE,12.39,2.14,233,174,692,0.73,1.0
Bronze,53.38,8.88,377,114,220,0.5886,1.0
Zinc,28.1,7.14,52,70,451,0.2135,1.0
Inconel,86.83,8.45,81,28,122,0.1927,0.3765
Nickel,73.59,8.85,284,165,750,0.2846,1.0
PTFE,11.47,2.25,45,151,143,0.6528,1.0
Nickel,67.91,8.72,679,83,826,0.1924,0.9566
Tungsten,92.93,19.03,66,88,62,0.3013,0.8238
Aluminum,43.36,2.69,794,68,989,0.2548,1.0
Aluminum,54.51,2.64,795,58,663,0.3066,0.9995
Ceramic,87.75,3.8,204,66,894,0.0839,0.7869
PTFE,12.87,2.18,42,109,625,0.1205,1.0
Steel,68.16,7.87,246,156,257,0.2989,1.0
Zinc,29.43,7.15,132,187,899,0.1765,1.0
PTFE,11.12,2.2,242,74,217,1.0336,1.0
Nickel,60.03,8.8,640,192,721,0.5496,1.0
Graphite,20.81,1.85,368,149,810,0.565,1.0
Nickel,72.57,8.82,634,58,803,0.2172,0.7596
Graphite,20.14,1.81,797,170,641,1.3542,1.0
Steel,70.7,7.79,364,23,64,0.2538,0.3801
Zinc,31.73,7.03,497,171,957,0.4401,1.0
Zinc,39.14,7.13,302,100,752,0.1391,1.0
Nickel,62.62,8.8,533,29,851,0.0639,0.6373
Graphite,10.92,2.17,320,171,571,1.2001,1.0
PTFE,11.53,2.22,56,116,168,0.4452,1.0
Graphite,10.7,1.8,57,43,533,0.0965,1.0
Bronze,60.4,8.86,380,196,399,0.4684,1.0
CastIron,79.58,7.08,749,58,831,0.177,0.7121
Zinc,36.31,7.12,783,178,656,0.8797,1.0
Steel,79.16,7.87,306,169,475,0.3247,1.0
Zinc,35.54,7.2,707,154,417,1.0576,1.0
Nickel,64.66,8.85,632,146,992,0.3527,1.0
Aluminum,55.43,2.7,127,136,981,0.1912,1.0
Graphite,17.94,1.9,247,53,610,0.3102,1.0
PTFE,12.07,2.27,58,25,515,0.0919,1.0
Titanium,84.31,4.48,276,196,782,0.1875,1.0
PTFE,12.68,2.2,249,174,374,1.3035,1.0
Bronze,69.1,8.82,581,90,561,0.3471,0.9788
Copper,47.81,8.94,443,25,284,0.1628,0.6473
CastIron,86.22,7.09,116,64,245,0.1915,0.6239
PTFE,11.01,2.14,665,52,373,1.0743,1.0
Brass,55.76,8.52,490,44,777,0.119,0.8247
Aluminum,58.29,2.67,369,193,266,0.6194,1.0
Nickel,68.01,8.72,496,144,427,0.3258,1.0
Nickel,65.17,8.86,63,152,978,0.0834,1.0
Aluminum,55.78,2.79,520,156,652,0.3385,1.0
Zinc,34.41,7.08,198,22,979,0.1067,0.5018
Zinc,38.96,7.04,517,132,332,0.7154,1.0
Nickel,66.03,8.83,451,171,837,0.2106,1.0
Ceramic,85.94,3.63,590,148,173,0.8811,1.0
Magnesium,32.3,1.77,493,179,931,0.396,1.0
Zinc,39.17,7.07,56,110,126,0.2862,1.0
Aluminum,49.44,2.75,98,194,661,0.2279,1.0
Titanium,91.48,4.4,34,27,389,0.1119,0.5307
Steel,74.71,7.76,30,115,867,0.0453,1.0
Tungsten,92.38,19.03,290,17,581,0.2067,0.3729
Zinc,26.68,7.12,232,11,401,0.1001,0.4458
Copper,41.0,8.98,305,80,855,0.2774,1.0
Tungsten,98.17,19.39,750,38,520,0.1039,0.3624
Brass,50.83,8.61,626,169,340,0.8332,1.0
CastIron,75.84,7.04,350,135,660,0.1458,1.0
Ceramic,94.25,3.54,796,143,775,0.3266,1.0
Ceramic,96.33,3.8,285,192,715,0.2127,1.0
CastIron,77.92,7.39,776,142,348,0.5745,1.0
Tungsten,94.22,19.12,148,145,165,0.1863,1.0
Brass,61.88,8.6,634,111,53,2.8697,1.0
CastIron,86.94,7.35,424,132,362,0.3811,1.0
Inconel,96.21,8.14,458,84,926,0.1433,0.7591
Magnesium,32.08,1.71,396,120,817,0.2738,1.0
Inconel,90.9,8.47,75,16,700,0.0924,0.2418
Zinc,27.11,7.15,708,5,947,0.066,0.1961
Titanium,78.78,4.53,741,32,435,0.146,0.359
Brass,50.24,8.36,102,46,998,0.0742,0.9302
Brass,58.26,8.55,511,186,514,0.5807,1.0
Copper,38.85,8.99,708,88,389,0.5717,1.0
Aluminum,47.79,2.63,476,18,760,0.1694,0.4348
Magnesium,37.23,1.69,546,39,122,0.617,1.0
CastIron,85.72,7.35,94,116,848,0.1374,1.0
Copper,50.67,8.81,732,198,317,1.2972,1.0
Bronze,55.96,8.76,677,122,520,0.5465,1.0
Zinc,37.97,7.05,286,86,225,0.5031,1.0
Tungsten,92.41,19.08,483,34,311,0.189,0.5807
Magnesium,32.58,1.86,64,140,943,0.2176,1.0
PTFE,14.38,2.29,793,56,863,0.4646,1.0
Aluminum,49.25,2.62,459,18,686,0.088,0.5846
Graphite,24.64,1.92,753,6,831,0.1164,0.2254
Copper,54.02,8.9,756,146,952,0.2803,1.0
Ceramic,95.79,3.66,681,111,343,0.3971,1.0
Magnesium,37.18,1.86,209,115,722,0.1494,1.0
Titanium,86.43,4.49,588,21,549,0.0978,0.4349
Bronze,69.59,8.83,615,103,154,0.8731,1.0
Zinc,39.9,7.17,235,158,914,0.2815,1.0
Zinc,39.57,7.07,117,168,443,0.2569,1.0
Titanium,85.37,4.42,453,139,477,0.2477,1.0
Nickel,63.22,8.81,108,144,463,0.2521,1.0
Titanium,83.91,4.59,104,27,791,0.1656,0.541
Ceramic,90.14,3.59,557,29,432,0.1439,0.4812
Brass,45.73,8.59,325,159,407,0.4458,1.0
Aluminum,46.24,2.67,754,163,81,4.2568,1.0
PTFE,5.17,2.24,114,181,544,0.9301,1.0
Zinc,25.2,7.18,181,159,828,0.2158,1.0
Bronze,63.56,8.74,794,59,931,0.1234,0.8626
PTFE,11.31,2.23,365,9,137,0.387,0.7893
Titanium,81.81,4.47,61,66,151,0.1712,0.837
Titanium,82.13,4.54,59,59,817,0.0442,0.6587
PTFE,6.11,2.16,593,163,419,4.7652,1.0
Graphite,19.89,2.03,682,121,312,1.8091,1.0
Bronze,69.5,8.68,694,136,827,0.2281,1.0
Aluminum,45.11,2.76,556,133,204,1.1164,1.0
Titanium,81.17,4.54,701,160,85,2.1486,1.0
Tungsten,99.28,19.19,139,180,588,0.1394,1.0
Aluminum,45.53,2.73,681,157,928,0.3499,1.0
Brass,52.81,8.63,350,69,98,0.7473,1.0
Nickel,66.61,8.79,723,188,212,1.3646,1.0
Steel,82.08,7.86,433,195,114,1.1805,1.0
Nickel,63.27,8.8,222,21,885,0.0476,0.4495
Titanium,86.66,4.46,385,8,410,0.0531,0.3682
Tungsten,92.31,19.11,442,6,791,0.0569,0.3207
Tungsten,92.8,19.01,305,150,298,0.2301,1.0
Zinc,25.64,7.04,566,93,715,0.4493,1.0
Magnesium,36.57,1.86,370,166,738,0.315,1.0
Inconel,97.81,8.31,677,133,413,0.3465,1.0
Copper,39.32,8.95,617,185,445,0.8492,1.0
Steel,76.29,7.89,669,136,420,0.4422,1.0
PTFE,9.14,2.14,105,178,445,0.6656,1.0
Brass,63.67,8.67,70,151,70,0.3969,1.0
Bronze,53.31,8.74,556,54,429,0.3012,0.8967
PTFE,10.48,2.1,28,98,262,0.2995,1.0
PTFE,13.37,2.23,637,184,888,1.3824,1.0
Tungsten,98.21,19.4,589,93,795,0.1174,0.7593
Inconel,94.22,8.19,420,30,177,0.2377,0.4831
Brass,50.89,8.67,429,108,338,0.5167,1.0
Steel,84.9,7.77,272,6,229,0.2047,0.1433
Nickel,65.98,8.87,321,120,824,0.2352,1.0
Ceramic,85.14,3.69,143,178,128,0.3165,1.0
Inconel,80.16,8.42,631,183,351,0.5638,1.0
Bronze,68.93,8.86,49,94,895,0.1829,1.0
Steel,69.09,7.8,224,32,362,0.1058,0.5282
Steel,71.29,7.87,474,161,603,0.2751,1.0
CastIron,70.17,7.29,215,186,161,0.5915,1.0
CastIron,78.16,7.04,467,10,111,0.0982,0.236
Brass,62.8,8.63,708,177,376,0.6772,1.0
Inconel,81.06,8.27,33,103,534,0.168,0.9184
Ceramic,86.04,3.87,407,178,798,0.2033,1.0
Inconel,85.08,8.3,657,103,240,0.4369,1.0
Nickel,79.82,8.8,148,154,537,0.0989,1.0
Magnesium,39.59,1.65,161,192,353,0.457,1.0
Tungsten,92.74,19.13,639,159,814,0.3217,1.0
Bronze,61.73,8.71,142,11,548,0.1652,0.3267
Graphite,14.03,2.14,302,29,359,0.2332,1.0
Copper,44.62,8.82,266,111,881,0.1262,1.0
CastIron,85.87,7.24,28,120,532,0.1968,1.0
PTFE,11.26,2.2,82,194,117,1.5853,1.0
Ceramic,94.51,3.97,643,104,827,0.2356,0.7899
Bronze,63.15,8.68,766,108,256,0.8253,1.0
Aluminum,58.86,2.61,250,110,591,0.2204,1.0
Bronze,60.91,8.87,400,69,592,0.2595,0.9959
Graphite,23.01,1.99,166,13,840,0.1476,0.6175
Zinc,34.22,7.03,157,41,52,0.508,1.0
Zinc,34.63,7.06,398,153,636,0.3882,1.0
Nickel,67.13,8.8,258,50,358,0.1,0.5671
Bronze,68.42,8.72,716,103,70,1.9953,1.0
Inconel,92.61,8.49,288,185,355,0.3245,1.0
Zinc,37.39,7.11,299,15,914,0.2007,0.4625
Ceramic,97.67,3.78,96,139,100,0.2584,1.0
Ceramic,89.97,3.94,597,165,483,0.3251,1.0
Aluminum,49.29,2.7,31,9,362,0.1601,0.414
Bronze,63.35,8.66,456,112,504,0.3763,1.0
Nickel,69.86,8.84,578,104,281,0.4431,1.0
Aluminum,44.5,2.77,622,165,673,0.5315,1.0
Aluminum,41.43,2.76,63,58,128,0.1904,1.0
Magnesium,36.73,1.62,237,151,127,1.0613,1.0
Graphite,15.98,1.81,315,141,70,5.115,1.0
Bronze,62.31,8.8,349,15,809,0.195,0.5022
Tungsten,94.31,19.26,98,173,679,0.1589,1.0
Magnesium,39.47,1.81,446,21,346,0.2819,0.4964
Zinc,37.96,7.02,702,133,787,0.4026,1.0
Bronze,51.95,8.72,711,130,506,0.5718,1.0
Magnesium,33.23,1.87,699,12,880,0.2132,0.3868
Titanium,77.0,4.55,179,59,427,0.1479,0.7604
Aluminum,42.5,2.61,85,151,519,0.2099,1.0
Titanium,79.11,4.51,670,72,954,0.1825,0.8572
Magnesium,39.69,1.83,626,194,682,0.683,1.0
CastIron,81.05,7.37,761,13,940,0.2093,0.1923
CastIron,81.35,7.19,705,168,540,0.4514,1.0
Aluminum,44.92,2.63,585,15,850,0.2161,0.3771
Titanium,87.07,4.44,326,102,499,0.2884,1.0
PTFE,9.55,2.28,474,91,592,1.0255,1.0
Magnesium,32.04,1.72,312,77,629,0.1988,1.0
Titanium,76.01,4.54,736,71,993,0.1438,0.9706
Brass,58.69,8.31,220,167,104,0.7841,1.0
Bronze,63.38,8.72,686,69,116,0.8293,0.8234
Inconel,97.77,8.27,391,130,734,0.2364,1.0
Graphite,14.27,1.93,549,194,149,6.3758,1.0
PTFE,6.96,2.21,409,137,352,2.9719,1.0
Brass,62.37,8.6,409,145,472,0.2658,1.0
Aluminum,55.13,2.66,606,105,230,0.6727,1.0
CastIron,86.8,7.13,796,64,277,0.3899,0.7549
Steel,75.33,7.89,770,128,831,0.224,1.0
Inconel,82.16,8.34,348,193,210,0.5944,1.0
Brass,62.51,8.39,333,52,841,0.1153,0.8276
Ceramic,86.17,3.63,413,69,633,0.1239,0.8538
Bronze,70.45,8.76,579,80,299,0.294,0.8731
Inconel,92.75,8.27,695,167,56,2.9684,1.0
Steel,83.1,7.82,463,137,927,0.2996,1.0
Tungsten,95.7,19.2,306,39,268,0.2013,0.4602
Bronze,60.15,8.84,405,187,522,0.4801,1.0
PTFE,6.91,2.14,372,198,381,3.5611,1.0
Tungsten,99.16,19.15,556,144,76,1.3742,1.0
Titanium,84.34,4.44,141,107,962,0.1747,1.0
Aluminum,44.35,2.78,77,11,388,0.0616,0.3257
Tungsten,98.82,19.06,55,11,289,0.1053,0.3406
Steel,73.6,7.73,321,179,246,0.4825,1.0
Zinc,31.67,7.17,517,22,191,0.2677,0.5964
Graphite,23.08,2.0,700,138,317,1.7796,1.0
Aluminum,52.82,2.66,118,122,222,0.3222,1.0
Titanium,93.89,4.57,461,80,386,0.3116,0.6783
Magnesium,38.88,1.84,643,121,324,0.9101,1.0
PTFE,8.28,2.21,508,93,231,3.1781,1.0
Steel,82.17,7.88,435,47,368,0.2001,0.6114
Magnesium,33.85,1.64,700,146,229,1.841,1.0
Bronze,53.68,8.82,774,186,822,0.5597,1.0
Aluminum,51.74,2.75,622,30,777,0.1763,0.7245
Brass,63.92,8.67,800,180,926,0.3808,1.0
Ceramic,97.35,3.79,698,181,491,0.3899,1.0
Magnesium,34.77,1.65,257,126,322,0.4597,1.0
Tungsten,98.61,19.3,604,5,118,0.0921,0.2569
Brass,52.97,8.49,612,26,207,0.2869,0.3802
Brass,53.52,8.54,100,158,567,0.1935,1.0
Graphite,10.48,1.88,736,88,384,2.057,1.0
Magnesium,37.59,1.72,206,200,212,0.7009,1.0
Ceramic,91.7,3.64,449,156,916,0.289,1.0
Nickel,71.81,8.89,271,81,319,0.2302,0.9089
Titanium,82.62,4.52,345,200,572,0.3062,1.0
Copper,53.59,8.99,49,196,465,0.1066,1.0
Copper,39.9,8.93,206,129,209,0.5759,1.0
Inconel,82.13,8.27,587,56,367,0.2982,0.5454
Graphite,20.3,2.08,548,67,701,0.5011,1.0
PTFE,7.38,2.25,52,73,624,0.1417,1.0
Inconel,91.69,8.25,60,65,948,0.1333,0.7272
Nickel,68.12,8.82,124,115,351,0.1432,1.0
Zinc,39.89,7.05,772,129,338,0.9351,1.0
Graphite,11.15,2.13,623,10,386,0.2075,0.6824
Inconel,87.16,8.28,501,68,404,0.1477,0.6309
Ceramic,88.94,3.66,109,8,384,0.0646,0.3864
Inconel,91.84,8.33,149,72,640,0.1895,0.7363
Copper,45.76,8.88,124,108,124,0.3646,1.0
Nickel,69.4,8.79,402,166,373,0.3482,1.0
Bronze,51.65,8.7,276,66,103,0.4708,0.9281
Magnesium,40.72,1.71,172,186,872,0.2883,1.0
PTFE,9.52,2.17,794,119,276,4.6356,1.0
Inconel,90.3,8.34,360,177,408,0.2477,1.0
Aluminum,54.04,2.68,300,127,299,0.3412,1.0
Titanium,90.71,4.41,356,118,210,0.3155,1.0
Titanium,85.51,4.47,418,185,908,0.2617,1.0
Zinc,30.22,7.07,685,195,250,2.3809,1.0
Aluminum,45.53,2.7,663,152,187,1.6652,1.0
Graphite,10.65,1.9,299,193,249,2.7688,1.0
Zinc,39.85,7.02,149,34,304,0.162,0.8429
Inconel,84.25,8.18,599,84,250,0.3799,0.9592
Steel,69.67,7.73,324,193,914,0.1842,1.0
Nickel,60.12,8.78,347,108,471,0.3391,1.0
Tungsten,90.05,19.37,409,102,862,0.1025,0.9525
Bronze,67.02,8.79,539,160,243,0.8413,1.0
Ceramic,88.11,3.53,131,145,487,0.2184,1.0
Copper,51.78,8.88,112,156,577,0.2595,1.0
Zinc,26.19,7.08,107,147,787,0.2947,1.0
Inconel,92.51,8.38,498,170,57,2.0976,1.0
Magnesium,33.64,1.62,505,102,93,2.1758,1.0
Nickel,79.64,8.84,519,143,548,0.2249,1.0
Tungsten,96.49,19.15,742,95,492,0.2658,0.9125
Inconel,86.16,8.31,703,155,181,0.9578,1.0
Inconel,83.52,8.33,796,17,997,0.1616,0.4694
Inconel,86.11,8.15,375,57,519,0.1096,0.689
Zinc,32.92,7.05,444,96,929,0.3348,1.0
Aluminum,42.38,2.67,331,96,614,0.2553,1.0
Graphite,10.53,2.03,277,50,338,0.6568,1.0
Ceramic,95.53,3.57,558,195,171,0.981,1.0
Tungsten,96.85,19.1,686,33,93,0.4513,0.5143
Brass,47.63,8.43,140,41,804,0.1576,0.7176
Aluminum,45.61,2.66,763,29,854,0.2581,0.6345
Titanium,79.67,4.51,694,134,277,0.6452,1.0
Inconel,84.37,8.11,70,145,988,0.0972,1.0
Titanium,84.7,4.57,693,36,95,0.5634,0.5606
Inconel,86.24,8.44,139,116,994,0.2043,1.0
Zinc,39.39,7.19,119,90,509,0.2556,1.0
Magnesium,37.57,1.64,97,69,181,0.2194,1.0
Aluminum,59.71,2.65,99,58,743,0.1546,0.9361
Steel,73.48,7.86,482,39,184,0.3129,0.6197
Titanium,89.83,4.52,721,100,601,0.2773,1.0
Magnesium,36.13,1.62,496,111,585,0.4699,1.0
PTFE,5.79,2.2,308,24,719,0.2485,1.0
CastIron,89.0,7.12,181,30,734,0.1974,0.5719
Titanium,94.68,4.51,439,61,886,0.2066,0.514
Nickel,62.52,8.76,577,64,907,0.148,0.8646
Magnesium,38.63,1.8,502,152,335,0.7631,1.0
CastIron,75.68,7.05,26,79,522,0.1848,1.0
Brass,55.21,8.62,588,6,970,0.0467,0.2435
Magnesium,39.3,1.63,295,54,330,0.2774,1.0
Brass,51.83,8.57,645,95,206,0.7874,1.0
Graphite,14.33,2.06,616,87,794,0.7672,1.0
Graphite,20.99,1.97,36,157,298,0.192,1.0
Inconel,87.03,8.31,259,100,794,0.1312,1.0
PTFE,5.28,2.2,591,182,449,5.864,1.0
Graphite,23.83,2.02,490,110,318,0.9754,1.0
Graphite,23.79,2.16,192,42,760,0.2509,1.0
Aluminum,58.19,2.78,205,37,255,0.1005,0.5345
Titanium,92.37,4.54,51,93,797,0.1841,0.8902
Copper,44.63,8.81,167,165,630,0.1854,1.0
Titanium,79.66,4.45,447,59,742,0.1207,0.7893
Graphite,12.44,2.04,358,141,135,3.8341,1.0
PTFE,8.92,2.1,54,105,992,0.2519,1.0
Nickel,67.36,8.87,364,189,529,0.4126,1.0
Steel,77.27,7.86,122,200,73,0.6068,1.0
Magnesium,39.09,1.79,131,153,828,0.2239,1.0
Nickel,78.17,8.81,285,97,906,0.2273,0.8798
Steel,73.55,7.89,369,77,639,0.221,0.9545
Nickel,76.76,8.78,309,96,578,0.241,0.9287
PTFE,14.54,2.14,465,112,435,1.2021,1.0
Zinc,30.06,7.14,61,129,738,0.1821,1.0
Titanium,94.52,4.57,577,32,708,0.1839,0.3923
Steel,73.07,7.72,630,86,359,0.3478,1.0
Graphite,13.97,2.13,119,79,575,0.2768,1.0
Tungsten,96.54,19.22,163,137,540,0.1671,1.0
Bronze,53.7,8.74,204,86,392,0.1677,1.0
PTFE,5.26,2.25,222,119,422,1.5319,1.0
Ceramic,98.8,3.97,593,93,219,0.4585,0.8691
Copper,51.15,8.99,123,13,251,0.1086,0.2443
Graphite,15.67,1.93,658,121,444,1.5442,1.0
Bronze,69.96,8.69,340,27,536,0.1947,0.3242
Copper,36.7,8.8,346,14,836,0.1888,0.5227
Inconel,86.76,8.48,743,181,755,0.3902,1.0
Aluminum,53.97,2.75,751,130,133,1.8298,1.0
Tungsten,98.63,19.39,117,105,54,0.418,0.9947
Steel,75.15,7.8,677,86,895,0.2364,0.9847
Titanium,83.76,4.51,165,114,775,0.054,1.0
Steel,68.17,7.85,96,20,422,0.1057,0.3937
Titanium,91.76,4.59,348,51,419,0.1055,0.4797
Titanium,75.17,4.55,134,174,810,0.0712,1.0
Magnesium,39.17,1.61,35,94,362,0.0673,1.0
Brass,53.53,8.61,504,85,301,0.461,1.0
Magnesium,36.6,1.66,402,137,749,0.4351,1.0
Copper,40.62,8.96,701,160,250,1.4674,1.0
Brass,64.87,8.54,180,133,562,0.112,1.0
CastIron,72.55,7.09,355,108,742,0.1243,1.0
CastIron,77.9,7.15,75,54,904,0.1568,0.6182
CastIron,73.23,7.24,179,155,517,0.2484,1.0
Steel,80.34,7.8,671,36,463,0.1052,0.3597
Ceramic,88.02,3.72,48,53,72,0.1401,0.7208
PTFE,12.67,2.29,118,68,203,0.455,1.0
Aluminum,51.37,2.68,737,45,781,0.1589,0.9295
Graphite,14.42,1.91,652,177,822,1.347,1.0
Copper,35.7,8.86,650,178,611,0.8533,1.0
Inconel,91.76,8.11,493,15,823,0.1518,0.2047
Inconel,81.62,8.25,411,95,163,0.4621,1.0
Titanium,92.32,4.4,88,61,157,0.1239,0.5498
Bronze,64.24,8.77,215,46,799,0.1746,0.6757
PTFE,7.46,2.28,582,97,429,2.3269,1.0
Copper,47.17,8.93,525,115,373,0.457,1.0
PTFE,5.5,2.27,177,197,842,1.0281,1.0
Bronze,59.93,8.62,83,35,50,0.2569,0.4897
Steel,80.24,7.81,662,174,537,0.4132,1.0
Titanium,78.44,4.43,390,154,583,0.1812,1.0
CastIron,71.42,7.02,68,61,608,0.0772,0.6399
Nickel,77.85,8.87,658,124,305,0.6004,1.0
PTFE,10.06,2.23,231,135,825,0.4846,1.0
CastIron,82.37,7.13,339,140,247,0.4121,1.0
Copper,46.52,8.96,121,19,104,0.1759,0.604
PTFE,11.77,2.21,750,176,570,2.5193,1.0
Graphite,12.63,1.99,619,58,649,0.7435,1.0
PTFE,6.66,2.2,84,119,830,0.3735,1.0
Aluminum,45.53,2.65,369,158,376,0.4771,1.0
Aluminum,41.05,2.69,550,156,750,0.4515,1.0
Inconel,91.79,8.46,624,13,326,0.0883,0.1554
Zinc,28.69,7.15,164,90,969,0.1862,1.0
Nickel,69.28,8.73,373,9,91,0.2121,0.3355
Titanium,86.28,4.57,630,5,73,0.1384,0.344
Inconel,86.25,8.37,162,111,212,0.3078,0.9379
PTFE,8.09,2.15,441,75,354,1.6094,1.0
Steel,77.62,7.83,300,5,86,0.0726,0.1228
Aluminum,56.81,2.6,110,113,686,0.1726,1.0
Steel,84.19,7.72,576,134,124,1.0668,1.0
Zinc,34.23,7.15,731,192,500,1.0624,1.0
Graphite,18.11,1.85,431,149,260,1.849,1.0
Copper,44.76,8.97,193,47,134,0.2377,1.0
Ceramic,89.36,3.63,694,100,730,0.1713,1.0
Magnesium,37.85,1.63,199,127,409,0.3879,1.0
Steel,72.91,7.76,530,100,648,0.215,1.0
Graphite,22.36,2.11,135,118,135,0.7923,1.0
Inconel,82.76,8.3,330,158,346,0.3542,1.0
Steel,65.56,7.84,339,146,814,0.2693,1.0
Graphite,11.72,2.11,380,20,930,0.1883,1.0
Brass,53.83,8.41,371,6,449,0.0803,0.4051
Bronze,66.16,8.76,302,32,909,0.0898,0.524
Magnesium,43.93,1.73,189,129,568,0.2363,1.0
Brass,56.33,8.32,743,125,670,0.419,1.0
Brass,55.1,8.45,754,118,882,0.2665,1.0
Zinc,35.33,7.08,696,196,948,0.6289,1.0
Ceramic,93.71,3.61,746,103,86,1.2675,1.0
Steel,71.85,7.83,555,96,845,0.2999,1.0
Nickel,77.83,8.88,598,45,533,0.1607,0.6438
Tungsten,98.83,19.32,595,176,126,1.1559,1.0
Inconel,83.38,8.4,531,45,939,0.1853,0.6683
Graphite,23.5,1.96,459,194,709,0.852,1.0
PTFE,11.48,2.19,106,54,483,0.1686,1.0
Nickel,63.38,8.84,728,58,798,0.2828,0.703
Copper,53.79,8.89,417,183,312,0.579,1.0
Zinc,25.18,7.19,146,166,809,0.2883,1.0
Graphite,10.48,2.07,679,85,307,2.4163,1.0
Titanium,88.98,4.41,126,134,250,0.1544,1.0
Bronze,57.25,8.65,116,166,695,0.1565,1.0
PTFE,10.23,2.28,513,16,303,0.4817,1.0
Magnesium,38.54,1.8,522,89,503,0.3167,1.0
Steel,80.38,7.9,736,8,856,0.1737,0.4026
Bronze,53.33,8.71,305,44,307,0.2271,0.8945
Aluminum,50.66,2.68,327,190,686,0.3812,1.0
Magnesium,32.11,1.71,86,27,370,0.224,0.8263
Zinc,26.38,7.19,709,115,174,2.3663,1.0
Copper,39.0,8.87,513,164,83,3.306,1.0
Copper,36.22,8.93,736,166,254,1.8027,1.0
PTFE,11.68,2.14,338,64,802,0.3243,1.0
CastIron,75.26,7.37,218,167,204,0.4866,1.0
PTFE,13.81,2.18,543,61,226,1.4575,1.0
CastIron,79.78,7.06,458,24,188,0.2237,0.3869
Bronze,62.25,8.71,800,176,604,0.5198,1.0
Bronze,51.03,8.73,459,10,805,0.2109,0.4562
Ceramic,87.37,3.93,582,35,268,0.1922,0.4444
Inconel,87.7,8.5,461,80,950,0.2339,0.9568
Ceramic,86.56,3.86,635,189,447,0.4191,1.0
Nickel,68.54,8.87,629,85,207,0.6595,1.0
Graphite,23.83,2.01,753,133,534,1.0553,1.0
Nickel,76.46,8.74,568,93,722,0.2738,0.91
Copper,45.38,8.98,747,96,405,0.6264,1.0
Brass,48.33,8.47,493,142,285,0.7024,1.0
Graphite,13.53,2.1,415,113,372,1.2099,1.0
Bronze,68.69,8.74,459,103,783,0.2134,1.0
Graphite,19.23,1.83,352,8,718,0.0619,0.5488
Graphite,15.29,2.11,121,9,436,0.0967,0.5933
Magnesium,36.3,1.65,760,186,894,0.5577,1.0
PTFE,5.65,2.17,529,50,183,3.3105,1.0
Steel,78.74,7.89,75,144,617,0.1814,1.0
CastIron,85.27,7.31,370,46,93,0.4293,0.6376
Graphite,12.6,2.11,416,129,84,6.4206,1.0
Copper,48.1,8.88,777,137,300,1.0083,1.0
CastIron,78.25,7.37,638,197,731,0.3176,1.0
Nickel,78.53,8.71,685,58,708,0.1721,0.7758
Steel,76.76,7.85,310,5,483,0.1158,0.3922
Zinc,33.8,7.19,374,112,647,0.3501,1.0
Titanium,79.49,4.54,170,181,566,0.242,1.0
Steel,75.07,7.8,531,114,615,0.2309,1.0
Bronze,51.31,8.79,413,48,815,0.1943,0.7101
Titanium,86.42,4.59,153,115,847,0.1804,0.9423
Titanium,79.36,4.41,572,162,409,0.4341,1.0
Bronze,55.19,8.64,457,9,821,0.1551,0.231
PTFE,10.36,2.14,263,42,537,0.4349,1.0
Nickel,64.06,8.83,80,86,909,0.1644,1.0
Tungsten,94.13,19.16,583,143,431,0.2774,1.0
Copper,54.9,8.98,598,20,835,0.0553,0.5535
Copper,46.98,8.94,608,34,573,0.2814,0.5525
Nickel,61.12,8.71,213,83,618,0.2459,1.0
Copper,48.68,8.93,235,137,595,0.2271,1.0
Aluminum,47.49,2.61,331,98,469,0.2962,1.0
Magnesium,41.25,1.64,430,88,636,0.3469,1.0
Nickel,64.09,8.87,679,49,372,0.1874,0.6047
Ceramic,97.83,3.85,548,153,776,0.2403,1.0
Nickel,76.68,8.71,711,148,893,0.3878,1.0
Brass,64.15,8.39,281,51,483,0.2383,0.6434
CastIron,72.25,7.2,236,179,220,0.4833,1.0
Brass,59.37,8.64,670,195,431,0.6887,1.0
Brass,50.06,8.62,544,51,646,0.28,0.941
Ceramic,88.63,3.86,680,150,245,0.7019,1.0
Inconel,88.01,8.3,81,143,179,0.211,1.0
Bronze,58.26,8.79,763,172,899,0.3542,1.0
Graphite,17.89,1.96,345,33,94,0.9355,1.0
Ceramic,86.28,3.97,597,177,680,0.2755,1.0
Aluminum,48.49,2.64,330,131,442,0.437,1.0
Tungsten,92.12,19.2,171,59,403,0.1128,0.6062
CastIron,83.58,7.16,582,122,183,0.7014,1.0
Copper,44.11,8.84,44,99,619,0.2088,1.0
Nickel,62.19,8.86,796,150,169,1.5224,1.0
Brass,62.85,8.38,375,32,951,0.1307,0.3912
PTFE,10.84,2.18,781,103,529,1.9321,1.0
Steel,78.45,7.79,780,13,902,0.1801,0.2383
Inconel,92.01,8.45,534,46,278,0.2283,0.4608
Ceramic,92.56,3.95,687,38,362,0.1765,0.4566
Zinc,33.64,7.13,326,156,985,0.2291,1.0
Tungsten,94.66,19.04,507,80,973,0.1695,0.9038
Titanium,85.36,4.59,402,92,177,0.5026,0.8886
Titanium,78.9,4.51,73,182,785,0.1641,1.0
Zinc,39.33,7.11,82,55,504,0.1351,1.0
Titanium,84.65,4.54,188,146,770,0.1632,1.0
Zinc,39.91,7.02,218,130,870,0.2935,1.0
Tungsten,90.52,19.13,136,145,1000,0.1614,1.0
Ceramic,93.81,4.0,572,59,211,0.3114,0.4836
Ceramic,88.23,3.83,247,94,504,0.1212,0.7891
Zinc,33.73,7.01,268,190,275,0.8732,1.0
Brass,64.55,8.5,759,143,863,0.2678,1.0
Brass,46.83,8.66,395,47,844,0.1393,0.8534
CastIron,78.97,7.12,405,135,775,0.1788,1.0
Nickel,66.78,8.74,101,87,659,0.1236,1.0
Brass,53.24,8.57,448,192,701,0.4265,1.0
Graphite,20.12,2.15,363,9,259,0.2388,0.3962
Aluminum,40.46,2.74,483,43,981,0.2109,0.9398
Ceramic,88.48,3.61,251,83,112,0.2951,0.7381
Copper,47.89,8.93,705,12,265,0.0948,0.3402
Zinc,37.84,7.1,598,142,561,0.6264,1.0
Titanium,81.57,4.55,373,5,566,0.0928,0.2227
Brass,56.91,8.32,341,69,326,0.2094,1.0
Tungsten,97.38,19.22,85,175,313,0.1961,1.0
Tungsten,98.04,19.16,683,135,987,0.2445,1.0
Zinc,32.19,7.04,320,61,360,0.4104,1.0
Magnesium,42.73,1.89,555,68,962,0.1545,1.0
Steel,81.59,7.83,274,37,478,0.0479,0.5594
CastIron,74.01,7.23,690,157,884,0.3246,1.0
Copper,38.3,8.94,739,12,609,0.0817,0.4625
Ceramic,99.82,3.79,646,86,378,0.3441,0.6264
Copper,44.43,8.81,403,157,363,0.5502,1.0
Bronze,60.97,8.71,336,134,891,0.2044,1.0
Tungsten,90.03,19.35,585,170,958,0.221,1.0
Magnesium,43.5,1.89,462,112,640,0.2635,1.0
Graphite,19.64,1.93,250,46,416,0.2367,1.0
Graphite,22.92,1.85,497,139,191,2.0471,1.0
Ceramic,99.58,3.72,505,129,193,0.4532,1.0
Brass,57.08,8.6,552,171,216,1.1185,1.0
Bronze,67.35,8.78,657,100,618,0.3415,1.0
Nickel,64.41,8.86,247,76,627,0.1995,1.0
Tungsten,93.45,19.28,724,188,706,0.2955,1.0
Inconel,90.55,8.45,274,45,272,0.0999,0.5659
Bronze,63.67,8.79,488,64,921,0.1818,0.9703
Tungsten,92.83,19.26,240,21,594,0.0596,0.3959
Zinc,28.37,7.16,699,48,756,0.3507,1.0
Copper,41.44,8.92,524,90,240,0.7658,1.0
Nickel,76.59,8.87,738,86,506,0.3411,0.9383
Ceramic,99.01,3.5,458,133,769,0.2132,1.0
Copper,43.79,8.87,446,59,481,0.2444,1.0
PTFE,8.42,2.16,759,6,75,1.0674,0.7086
Nickel,74.82,8.79,412,61,954,0.1765,0.8258
Steel,80.28,7.77,349,114,937,0.0877,1.0
Zinc,30.59,7.07,131,95,444,0.1498,1.0
Copper,51.71,8.95,361,170,345,0.5581,1.0
Magnesium,40.71,1.84,371,5,784,0.193,0.2978
Nickel,76.42,8.77,497,46,494,0.1901,0.5497
Bronze,72.51,8.83,310,35,983,0.053,0.587
Titanium,93.61,4.51,432,116,247,0.3665,0.9439
Nickel,60.63,8.88,391,71,646,0.2814,1.0
Steel,65.47,7.82,791,64,826,0.2056,0.7393
Tungsten,93.45,19.22,684,8,172,0.1268,0.3357
Bronze,53.87,8.7,209,60,860,0.103,0.8881
Titanium,90.53,4.56,173,29,878,0.1955,0.4797
Ceramic,92.82,3.89,444,16,400,0.1079,0.3411
Zinc,37.94,7.14,539,163,496,0.6497,1.0
Aluminum,44.7,2.77,46,198,403,0.0782,1.0
Nickel,62.45,8.72,210,92,224,0.3587,1.0
Bronze,51.76,8.73,47,50,681,0.1349,0.8265
CastIron,83.29,7.16,581,40,577,0.1971,0.6168
Magnesium,41.98,1.78,782,70,254,0.8032,1.0
Zinc,31.39,7.14,792,134,334,1.3763,1.0
PTFE,10.57,2.19,719,86,371,2.1425,1.0
Copper,53.56,8.94,663,39,943,0.2498,0.6275
Brass,58.44,8.48,726,79,885,0.2695,1.0
Inconel,87.44,8.35,574,34,237,0.2559,0.5201
Steel,68.36,7.78,258,27,582,0.1126,0.5498
Nickel,75.85,8.81,140,137,547,0.1075,1.0
Tungsten,93.69,19.06,49,176,408,0.1244,1.0
Inconel,86.15,8.43,626,46,674,0.1727,0.6075
Nickel,61.92,8.75,528,90,888,0.2003,1.0
Inconel,95.51,8.49,795,167,664,0.3079,1.0
Nickel,77.4,8.86,317,62,992,0.1258,0.7035
Steel,78.89,7.82,49,168,989,0.044,1.0
Bronze,74.65,8.86,280,177,367,0.269,1.0
Magnesium,41.57,1.82,332,163,85,2.0036,1.0
Magnesium,39.36,1.7,360,65,970,0.1843,1.0
PTFE,7.26,2.3,327,81,214,2.2271,1.0
Graphite,23.73,1.85,688,59,359,0.6678,1.0
CastIron,75.26,7.4,216,154,708,0.1706,1.0
PTFE,13.98,2.18,740,84,53,10.5267,1.0
Ceramic,87.08,3.95,422,55,549,0.134,0.5577
Nickel,77.09,8.85,498,18,307,0.2218,0.464
Titanium,76.68,4.42,570,83,523,0.2291,0.8057
Bronze,52.47,8.74,626,12,199,0.2438,0.2231
Steel,66.25,7.73,650,135,105,1.6231,1.0
Ceramic,97.62,3.91,688,135,75,1.6327,1.0
Zinc,35.16,7.11,400,96,929,0.1987,1.0
Nickel,65.53,8.73,471,38,319,0.3026,0.6828
Magnesium,42.38,1.87,533,108,856,0.2922,1.0
Magnesium,35.19,1.73,232,22,463,0.1446,0.6429
Graphite,12.31,2.18,394,64,227,1.2053,1.0
Graphite,13.82,2.18,550,193,313,3.1617,1.0
Brass,55.34,8.68,506,84,860,0.1748,1.0
Nickel,75.97,8.88,522,123,211,0.6225,1.0
Copper,49.86,8.98,635,95,608,0.2687,1.0
Aluminum,55.01,2.61,401,146,640,0.2995,1.0
PTFE,11.48,2.25,614,23,779,0.3307,1.0
Ceramic,90.1,3.56,754,37,375,0.2542,0.4439
Graphite,13.51,2.01,468,73,487,0.8303,1.0
CastIron,89.44,7.11,503,51,73,0.5709,0.5693
PTFE,8.1,2.14,625,175,680,2.5982,1.0
Copper,50.08,8.9,718,186,334,1.1314,1.0
Aluminum,56.68,2.78,594,195,834,0.4494,1.0
Zinc,30.9,7.17,512,194,146,2.8008,1.0
Nickel,63.43,8.76,182,32,751,0.1655,0.5204
Inconel,87.67,8.13,500,183,61,2.3284,1.0
Inconel,89.77,8.31,528,194,438,0.4629,1.0
Tungsten,99.52,19.06,300,180,238,0.4571,1.0
CastIron,89.93,7.33,188,180,53,0.8985,1.0
Bronze,55.75,8.88,661,26,919,0.2313,0.3971
Copper,50.85,8.87,125,43,686,0.1941,0.873
Steel,80.11,7.76,531,15,463,0.1827,0.308
Aluminum,40.89,2.76,323,192,514,0.4581,1.0
PTFE,6.8,2.18,648,88,93,11.4692,1.0
Magnesium,36.36,1.83,502,200,141,2.6232,1.0
PTFE,11.02,2.18,797,16,228,0.7151,1.0
Nickel,60.23,8.88,240,137,315,0.3441,1.0
Aluminum,44.03,2.62,409,196,976,0.3899,1.0
Tungsten,94.07,19.05,132,133,393,0.1246,1.0
Copper,37.85,8.84,564,20,361,0.2354,0.4768
Titanium,86.15,4.58,70,99,998,0.0214,0.8767
Nickel,63.58,8.78,649,84,457,0.3842,1.0
Titanium,88.47,4.58,204,136,192,0.3913,1.0
Aluminum,49.43,2.7,203,95,96,0.527,1.0
Tungsten,92.38,19.24,210,111,235,0.1654,0.9288
Nickel,67.45,8.83,681,186,240,1.0242,1.0
Tungsten,94.75,19.37,286,157,170,0.4188,1.0
Zinc,36.32,7.17,672,66,629,0.3798,1.0
CastIron,89.81,7.27,755,51,573,0.2115,0.5934
Inconel,95.34,8.38,119,162,188,0.1938,1.0
Graphite,23.48,2.0,129,143,778,0.2738,1.0
Inconel,87.23,8.25,172,126,236,0.1723,1.0
Zinc,29.15,7.07,29,55,586,0.037,1.0
Tungsten,91.84,19.12,464,28,260,0.2342,0.3719
Brass,58.83,8.36,210,87,463,0.1253,1.0
CastIron,78.1,7.0,661,103,270,0.4604,1.0
CastIron,82.28,7.2,746,133,539,0.3823,1.0
Brass,54.08,8.61,724,162,111,2.5667,1.0
Graphite,22.62,1.94,390,75,899,0.3312,1.0
Bronze,61.5,8.76,642,179,956,0.3671,1.0
Steel,82.97,7.88,753,122,293,0.5619,1.0
Bronze,59.28,8.8,729,188,395,0.8221,1.0
Steel,70.22,7.73,119,37,100,0.1805,0.4335
Tungsten,95.94,19.26,637,12,195,0.1579,0.3287
Titanium,75.29,4.43,634,106,465,0.2863,1.0
Ceramic,95.21,3.64,473,65,772,0.1159,0.7543
Titanium,89.43,4.55,389,65,570,0.1729,0.8269
Ceramic,89.98,3.62,308,192,807,0.244,1.0
CastIron,84.45,7.14,691,151,449,0.4968,1.0
Copper,48.72,8.81,248,135,174,0.5988,1.0
Titanium,94.4,4.48,176,53,348,0.1493,0.6251
Steel,69.09,7.8,72,24,538,0.0751,0.3652
Tungsten,91.98,19.05,353,5,975,0.1475,0.2857
CastIron,75.93,7.27,580,162,912,0.2077,1.0
PTFE,9.21,2.22,597,90,725,1.193,1.0
CastIron,83.02,7.37,31,89,93,0.1238,0.8584
Aluminum,46.49,2.62,511,18,494,0.2352,0.5411
Steel,76.86,7.76,98,187,653,0.1392,1.0
Tungsten,90.46,19.16,678,139,686,0.2226,1.0
Magnesium,35.5,1.72,105,38,870,0.1964,0.8357
PTFE,7.21,2.12,272,169,333,2.43,1.0
Brass,58.46,8.54,59,199,455,0.1641,1.0
Tungsten,98.63,19.29,626,55,332,0.2715,0.6875
CastIron,74.09,7.23,744,15,154,0.2737,0.452
Magnesium,44.14,1.61,285,21,213,0.2118,0.6592
Steel,79.47,7.78,579,54,217,0.2785,0.6605
Titanium,94.44,4.45,356,62,825,0.2281,0.5458
Nickel,69.34,8.71,367,76,629,0.2698,1.0
Magnesium,30.86,1.75,306,92,644,0.2309,1.0
Aluminum,49.69,2.7,216,6,887,0.1635,0.2434
Brass,52.13,8.41,289,65,977,0.1332,0.9035
Nickel,61.25,8.71,156,17,222,0.0852,0.4046
Ceramic,93.16,3.8,268,120,950,0.2302,1.0
PTFE,13.92,2.18,578,31,316,0.5953,1.0
Tungsten,95.19,19.39,151,124,289,0.0982,1.0
Zinc,26.16,7.05,611,61,271,0.681,1.0
Copper,40.82,8.92,663,122,873,0.451,1.0
Aluminum,46.2,2.7,97,133,69,0.5759,1.0
Copper,46.41,8.82,246,75,894,0.1622,1.0
Steel,73.79,7.87,649,197,670,0.4516,1.0
Inconel,95.43,8.47,32,169,308,0.0892,1.0
Nickel,62.1,8.77,551,135,775,0.2904,1.0
Steel,68.8,7.71,249,102,779,0.2011,1.0
Bronze,52.56,8.79,727,121,473,0.55,1.0
Aluminum,59.44,2.76,650,85,124,0.9701,1.0
Tungsten,90.9,19.21,56,120,662,0.0641,1.0
Nickel,72.16,8.89,518,104,98,0.9676,1.0
CastIron,89.32,7.16,695,161,923,0.2541,1.0
PTFE,10.09,2.13,424,20,668,0.2826,1.0
Inconel,87.19,8.19,596,175,524,0.3283,1.0
CastIron,73.39,7.38,697,65,169,0.615,0.7924
CastIron,72.8,7.14,595,30,208,0.2877,0.3387
Tungsten,98.66,19.07,654,97,797,0.1544,0.7709
PTFE,14.13,2.16,507,150,238,2.8972,1.0
Magnesium,40.11,1.65,454,153,955,0.2755,1.0
Magnesium,34.05,1.77,189,127,150,0.6265,1.0
PTFE,14.23,2.18,752,101,322,2.2392,1.0
Ceramic,99.91,3.96,788,69,446,0.1771,0.5459
Bronze,69.6,8.71,731,154,631,0.4469,1.0
Ceramic,86.38,3.69,799,22,722,0.2145,0.3518
Zinc,38.6,7.01,66,186,771,0.0889,1.0
Bronze,68.94,8.83,55,57,624,0.1202,0.6136
Inconel,85.82,8.41,35,14,534,0.0865,0.3159
PTFE,10.32,2.13,768,58,775,0.8291,1.0
PTFE,6.24,2.19,427,185,571,2.8424,1.0
Copper,45.79,8.89,318,191,741,0.3023,1.0
Magnesium,37.4,1.8,506,104,832,0.3338,1.0
PTFE,14.26,2.27,675,130,62,12.4683,1.0
Graphite,13.59,2.04,322,26,836,0.1216,1.0
CastIron,72.37,7.32,81,13,288,0.1344,0.2066
Inconel,83.22,8.48,397,107,674,0.2889,1.0
PTFE,7.5,2.17,346,23,578,0.3016,1.0
Steel,76.01,7.83,763,81,893,0.1457,1.0
Aluminum,42.68,2.61,462,23,360,0.2536,0.5376
Brass,56.95,8.39,233,119,72,0.985,1.0
Aluminum,59.78,2.69,102,161,437,0.1481,1.0
Zinc,38.26,7.11,414,166,364,0.6899,1.0
CastIron,83.3,7.37,502,62,864,0.2457,0.6096
Zinc,36.99,7.02,455,60,184,0.5186,1.0
Nickel,67.61,8.88,118,184,862,0.1032,1.0
Titanium,76.59,4.53,34,18,298,0.049,0.4792
Zinc,27.64,7.16,416,131,881,0.321,1.0
PTFE,10.51,2.1,522,98,865,0.8627,1.0
Tungsten,94.72,19.01,286,69,605,0.0606,0.7193
Aluminum,49.81,2.7,56,78,538,0.1781,1.0
Bronze,50.95,8.77,201,87,499,0.1717,1.0
Bronze,60.55,8.64,193,113,496,0.2381,1.0
Aluminum,40.0,2.67,59,155,684,0.2271,1.0
Zinc,38.47,7.14,294,172,379,0.5012,1.0
Aluminum,44.64,2.75,615,52,941,0.1228,0.8401
Ceramic,89.98,3.85,573,78,272,0.3481,0.8124
Graphite,23.08,1.89,29,122,59,0.3809,1.0
PTFE,12.65,2.2,727,168,593,2.1091,1.0
Ceramic,90.34,3.74,686,31,617,0.1956,0.3866
Titanium,87.96,4.52,753,19,357,0.2382,0.2322
Aluminum,44.28,2.74,282,189,884,0.1941,1.0
Brass,46.38,8.54,673,180,834,0.4136,1.0
Nickel,79.81,8.82,44,26,505,0.1547,0.512
Steel,81.04,7.76,660,70,216,0.4538,0.8376
Graphite,22.84,2.02,679,157,678,0.9155,1.0
Nickel,71.81,8.74,412,51,271,0.2929,0.6308
Aluminum,48.72,2.79,533,171,450,0.7107,1.0
Titanium,87.74,4.44,144,83,163,0.1729,0.8383
Nickel,75.85,8.85,185,52,331,0.1187,0.51
Ceramic,92.51,3.98,346,28,655,0.1613,0.2821
Graphite,14.53,1.86,194,181,266,1.1838,1.0
PTFE,7.28,2.27,365,195,64,19.2529,1.0
Ceramic,97.82,3.51,284,185,989,0.1507,1.0
Zinc,34.14,7.02,330,48,944,0.1513,1.0
Copper,44.99,8.99,621,180,724,0.5553,1.0
CastIron,81.01,7.36,386,52,233,0.1498,0.5798
Bronze,53.24,8.61,579,25,788,0.2321,0.5224
Copper,48.73,8.84,68,37,111,0.2396,0.643
Brass,64.46,8.51,352,25,597,0.0822,0.424
Magnesium,34.86,1.81,215,163,154,1.0016,1.0
Nickel,74.73,8.71,307,92,147,0.4965,1.0
Tungsten,94.27,19.17,84,158,444,0.1677,1.0
Inconel,87.57,8.45,621,80,998,0.0834,0.9061
Ceramic,91.88,3.87,161,192,53,0.8484,1.0
Bronze,71.48,8.65,680,179,164,1.437,1.0
Brass,60.02,8.32,383,60,427,0.2505,0.9758
Aluminum,55.93,2.61,162,192,192,0.4983,1.0
Graphite,18.68,1.85,454,75,964,0.4121,1.0
Aluminum,40.62,2.64,690,45,377,0.2714,0.8472
Graphite,16.97,1.96,378,25,886,0.1834,1.0
Ceramic,94.11,3.74,637,93,371,0.2822,0.7664
Zinc,25.03,7.15,783,5,695,0.0789,0.4687
Titanium,91.01,4.44,634,98,624,0.1621,0.7811
Brass,61.76,8.67,240,28,673,0.1311,0.4696
Copper,41.57,8.99,403,101,203,0.7837,1.0
CastIron,86.47,7.17,138,128,94,0.4151,1.0
Brass,45.21,8.34,551,124,382,0.6507,1.0
Aluminum,59.67,2.66,545,152,826,0.3738,1.0
Tungsten,93.04,19.34,573,19,821,0.2016,0.3957
Inconel,88.38,8.24,605,7,386,0.0976,0.2082
Tungsten,93.6,19.34,172,145,863,0.2196,1.0
Copper,47.24,8.92,203,68,732,0.0837,1.0
PTFE,7.67,2.17,503,63,123,4.2378,1.0
Graphite,14.9,2.18,84,121,291,0.4247,1.0
Steel,76.09,7.87,99,128,344,0.119,1.0
Nickel,61.99,8.7,487,138,999,0.2801,1.0
Steel,71.33,7.7,738,156,936,0.369,1.0
Graphite,18.34,2.14,271,101,181,1.2255,1.0
Bronze,62.19,8.76,378,19,282,0.1009,0.5403
CastIron,72.31,7.03,776,157,969,0.3288,1.0
Tungsten,93.35,19.13,773,121,534,0.3947,1.0
Copper,54.55,8.8,530,63,281,0.3922,1.0
Tungsten,92.94,19.15,480,153,981,0.1127,1.0
Tungsten,95.8,19.31,414,139,631,0.3067,1.0
Ceramic,93.6,3.76,550,97,119,0.7574,0.8566
Inconel,80.19,8.44,165,36,776,0.0283,0.4294
Brass,46.82,8.4,121,148,399,0.141,1.0
Tungsten,95.5,19.26,633,104,789,0.2832,0.7764
Aluminum,51.79,2.78,426,135,223,0.6464,1.0
Ceramic,93.84,3.84,264,142,245,0.2402,1.0
CastIron,86.58,7.13,368,170,479,0.2595,1.0
Nickel,69.24,8.78,537,48,399,0.2148,0.6308
Titanium,81.52,4.56,671,190,433,0.6034,1.0
PTFE,13.37,2.16,296,30,150,0.6871,1.0
Magnesium,32.77,1.72,216,121,177,0.5785,1.0
Ceramic,89.79,3.76,58,174,365,0.1923,1.0
Titanium,93.2,4.42,702,165,671,0.3907,1.0
Tungsten,92.17,19.34,767,130,346,0.5202,1.0
Steel,68.7,7.76,30,83,128,0.0796,0.9262
Inconel,91.34,8.39,511,184,572,0.2762,1.0
Titanium,94.94,4.41,42,39,740,0.0495,0.4745
CastIron,85.88,7.23,180,97,576,0.1587,1.0
Ceramic,85.95,3.55,618,49,314,0.189,0.6339
Nickel,79.66,8.71,725,172,510,0.5732,1.0
Graphite,21.61,2.19,456,93,548,0.5266,1.0
Graphite,21.85,1.8,432,47,273,0.5724,1.0
Inconel,84.77,8.4,302,151,420,0.3548,1.0
Magnesium,37.54,1.66,614,170,572,0.638,1.0
Titanium,79.69,4.47,696,49,415,0.2486,0.7352
Aluminum,46.66,2.7,317,183,342,0.565,1.0
Titanium,83.43,4.44,242,85,840,0.0607,0.8232
Magnesium,30.68,1.72,203,90,360,0.3077,1.0
Ceramic,92.03,3.99,733,8,409,0.199,0.1218
Titanium,75.58,4.48,522,65,211,0.3087,0.7551
Tungsten,90.94,19.3,88,146,681,0.0566,1.0
PTFE,10.0,2.26,182,8,457,0.0935,0.7111
Tungsten,94.88,19.33,645,184,961,0.1968,1.0
Nickel,74.89,8.83,264,194,580,0.2376,1.0
Aluminum,46.89,2.63,196,60,341,0.2382,0.9924
CastIron,84.28,7.39,461,44,875,0.1114,0.5652
Magnesium,42.74,1.69,267,60,905,0.0839,1.0
CastIron,77.01,7.17,88,166,624,0.1542,1.0
Zinc,37.6,7.04,615,111,285,0.8972,1.0
PTFE,6.03,2.2,797,111,929,2.0643,1.0
Graphite,24.0,1.95,465,15,580,0.1308,0.5446
Steel,83.92,7.71,26,74,485,0.049,0.7808
Tungsten,96.2,19.02,365,109,530,0.2799,1.0
CastIron,79.48,7.04,566,159,471,0.4054,1.0
Titanium,82.2,4.44,285,77,95,0.378,0.7802
Brass,63.17,8.37,82,126,772,0.0666,1.0
Brass,50.55,8.56,213,115,135,0.6061,1.0
Nickel,68.51,8.86,76,25,391,0.0506,0.5363
Nickel,79.12,8.81,190,85,778,0.122,0.9481
Titanium,92.05,4.5,193,118,59,0.5424,0.927
Magnesium,44.64,1.87,657,61,737,0.2511,1.0
CastIron,81.48,7.03,54,85,849,0.0792,0.8279
Zinc,36.66,7.07,740,174,779,0.6937,1.0
Bronze,69.64,8.79,456,44,239,0.2709,0.4915
Zinc,25.84,7.04,497,8,498,0.0834,0.2592
Zinc,31.54,7.13,433,159,743,0.4611,1.0
Magnesium,38.81,1.66,210,57,921,0.1498,1.0
Bronze,52.21,8.74,391,144,887,0.2742,1.0
Nickel,79.36,8.89,59,25,351,0.2059,0.5329
Aluminum,47.07,2.79,56,123,125,0.3119,1.0
Graphite,11.4,2.05,375,50,429,0.624,1.0
Titanium,94.82,4.42,699,65,143,0.4385,0.5306
Ceramic,94.57,3.67,147,72,902,0.0563,0.8242
Zinc,38.74,7.19,622,99,947,0.2528,1.0
Magnesium,40.11,1.79,639,126,425,0.714,1.0
Bronze,50.12,8.64,671,64,601,0.3166,1.0
Ceramic,89.52,3.54,471,31,406,0.0964,0.2998
Bronze,55.88,8.64,71,161,928,0.08,1.0
Ceramic,87.92,3.71,658,81,633,0.1824,0.9404
Inconel,85.34,8.23,526,57,302,0.1571,0.5136
Bronze,50.98,8.7,37,152,278,0.063,1.0
Bronze,53.25,8.9,306,52,590,0.086,0.894
PTFE,9.53,2.23,635,36,464,0.6712,1.0
Titanium,87.02,4.53,530,55,456,0.179,0.5666
Inconel,92.15,8.2,194,12,765,0.0841,0.3734
Bronze,56.46,8.83,681,109,332,0.562,1.0
Ceramic,95.22,3.8,627,137,71,1.7118,1.0
Graphite,17.82,2.0,738,80,992,0.4987,1.0
Nickel,74.99,8.71,193,131,226,0.2047,1.0
Graphite,17.76,1.95,409,115,312,1.1109,1.0
Copper,49.45,8.87,363,165,427,0.4277,1.0
PTFE,11.81,2.11,365,56,375,0.6405,1.0
Graphite,13.63,1.95,154,200,827,0.4606,1.0
Titanium,77.11,4.6,384,116,754,0.2884,1.0
Ceramic,86.33,3.84,185,32,261,0.0927,0.3311
Aluminum,53.4,2.77,454,6,732,0.1937,0.242
Brass,58.7,8.45,411,187,595,0.3118,1.0
Titanium,75.63,4.5,800,142,555,0.4232,1.0
Inconel,89.91,8.4,99,130,323,0.139,1.0
Ceramic,97.99,3.57,539,93,531,0.2779,0.8132
Graphite,12.07,2.16,578,136,214,3.9574,1.0
Copper,48.11,8.86,569,32,552,0.1871,0.5592
Bronze,50.73,8.86,734,89,397,0.4712,1.0
Aluminum,58.77,2.61,565,95,186,0.7105,1.0
Ceramic,95.2,3.65,559,104,683,0.1456,1.0
Inconel,83.43,8.23,80,110,526,0.1949,1.0
Tungsten,99.02,19.16,493,24,596,0.0437,0.4644
Tungsten,95.71,19.14,55,144,267,0.1121,1.0
Inconel,83.94,8.41,358,75,85,0.5764,0.8263
Inconel,84.51,8.42,699,197,361,0.6207,1.0
PTFE,9.28,2.11,799,162,362,4.9813,1.0
Zinc,38.16,7.03,594,100,504,0.4895,1.0
Tungsten,92.83,19.27,103,87,673,0.1979,0.9562
Inconel,92.31,8.18,594,48,339,0.1875,0.6787
Graphite,10.8,1.91,437,184,915,1.0934,1.0
Inconel,88.92,8.49,703,89,271,0.4473,0.7379
Brass,50.73,8.4,712,176,55,5.6895,1.0
Bronze,72.54,8.76,268,68,416,0.1605,0.829
Brass,55.01,8.62,296,199,599,0.2416,1.0
Aluminum,48.49,2.62,669,102,587,0.4361,1.0
Aluminum,51.81,2.63,747,97,284,0.7128,1.0
PTFE,5.13,2.11,738,177,126,25.4078,1.0
Bronze,67.29,8.61,31,62,713,0.1406,0.9558
Brass,50.8,8.38,297,143,980,0.2365,1.0
CastIron,89.85,7.31,201,178,670,0.2273,1.0
Graphite,11.44,1.86,675,140,188,5.6587,1.0
Nickel,64.69,8.9,547,163,915,0.3249,1.0
Titanium,82.59,4.47,415,71,711,0.1742,0.8243
Steel,81.09,7.8,383,55,354,0.185,0.5545
Tungsten,98.02,19.03,669,133,875,0.1849,1.0
Ceramic,97.7,3.67,607,175,969,0.2434,1.0
PTFE,13.34,2.27,631,10,706,0.2356,0.7098
PTFE,7.76,2.18,379,16,295,0.356,1.0
Ceramic,96.94,3.51,418,149,402,0.2732,1.0
Nickel,74.44,8.88,47,67,440,0.145,0.8548
Ceramic,94.56,3.99,752,150,392,0.452,1.0
Ceramic,87.71,3.88,174,19,68,0.1605,0.4488
Aluminum,46.07,2.7,435,200,538,0.5927,1.0
Tungsten,97.38,19.0,260,155,499,0.1743,1.0
Tungsten,97.09,19.34,158,180,398,0.1628,1.0
Ceramic,85.65,3.71,213,166,152,0.4663,1.0
Magnesium,31.78,1.72,709,150,464,1.0462,1.0
Titanium,91.88,4.52,364,148,913,0.2204,1.0
Titanium,78.73,4.47,244,89,823,0.1977,1.0
Brass,55.29,8.58,708,112,629,0.3386,1.0
Aluminum,42.97,2.72,248,145,313,0.4412,1.0
Brass,49.49,8.57,177,91,531,0.128,1.0
Steel,77.14,7.78,733,109,69,1.9936,1.0
Tungsten,96.77,19.35,565,167,126,1.0801,1.0
Bronze,68.6,8.64,304,150,230,0.4536,1.0
Steel,74.96,7.88,112,88,700,0.1338,0.8719
CastIron,71.18,7.11,215,80,293,0.2369,0.9745
Brass,60.94,8.36,472,25,144,0.1989,0.5619
Ceramic,93.19,3.69,450,118,194,0.4137,1.0
Magnesium,30.84,1.77,475,196,357,1.2171,1.0
PTFE,8.5,2.14,551,173,958,1.5986,1.0
Copper,41.01,8.94,94,93,950,0.2084,1.0
Bronze,56.61,8.87,647,120,783,0.3255,1.0
Zinc,37.92,7.2,266,111,69,1.4481,1.0
Brass,45.91,8.6,685,21,64,0.6639,0.5052
Zinc,35.4,7.16,399,18,255,0.2702,0.5177
Magnesium,31.67,1.66,546,62,901,0.196,1.0
Tungsten,91.76,19.36,92,109,613,0.1557,0.9613
Magnesium,40.71,1.7,623,122,348,0.814,1.0
Brass,58.8,8.69,450,184,533,0.5171,1.0
Titanium,86.67,4.5,601,149,428,0.4564,1.0
Copper,38.79,8.97,298,42,607,0.1751,0.8292
Ceramic,98.63,3.87,64,142,463,0.1408,1.0
Zinc,37.86,7.03,790,128,468,0.7629,1.0
Graphite,19.95,1.99,614,156,101,6.0773,1.0
Magnesium,43.04,1.63,199,19,103,0.2173,0.4437
CastIron,86.84,7.36,301,177,562,0.2036,1.0
Inconel,90.6,8.23,576,185,243,0.6475,1.0
Inconel,86.25,8.14,267,150,475,0.2308,1.0
Ceramic,94.17,3.96,122,154,235,0.1391,1.0
Brass,61.53,8.38,514,173,954,0.2752,1.0
Copper,50.6,8.87,195,166,237,0.401,1.0
Aluminum,52.07,2.78,561,86,486,0.3687,1.0
Steel,76.51,7.89,279,96,266,0.242,0.9286
Titanium,85.93,4.4,469,122,886,0.2042,1.0
Zinc,30.84,7.1,340,92,703,0.2964,1.0
Titanium,85.45,4.53,444,80,532,0.2108,0.8462
Aluminum,55.47,2.77,108,190,383,0.1641,1.0
Titanium,83.32,4.43,563,102,528,0.2655,1.0
Zinc,31.95,7.19,591,50,279,0.6104,1.0
Steel,74.52,7.84,509,104,160,0.6412,1.0
Magnesium,43.56,1.61,192,79,765,0.1185,1.0
Inconel,82.78,8.24,381,93,921,0.1282,0.8898
Bronze,59.28,8.79,641,62,405,0.3569,0.8926
Brass,52.24,8.65,129,78,582,0.136,1.0
Graphite,12.98,2.02,481,168,548,1.5366,1.0
Brass,59.63,8.53,354,12,548,0.0884,0.4678
Magnesium,42.14,1.61,234,23,882,0.1421,0.6068
Nickel,77.72,8.89,519,8,545,0.1701,0.2826
Copper,45.85,8.81,224,130,597,0.2098,1.0
Bronze,66.53,8.77,599,119,672,0.3592,1.0
Graphite,17.42,1.92,29,146,677,0.1682,1.0
Steel,69.55,7.83,681,139,557,0.4811,1.0
PTFE,11.77,2.13,391,66,395,0.8753,1.0
Graphite,16.71,1.97,295,109,55,4.4674,1.0
Graphite,12.21,1.98,37,49,637,0.1194,1.0
Magnesium,43.72,1.79,586,19,514,0.189,0.4737
PTFE,14.01,2.27,181,55,975,0.1588,1.0
Graphite,20.68,2.01,117,149,921,0.1291,1.0
Magnesium,42.15,1.76,627,103,388,0.6482,1.0
Zinc,25.44,7.13,225,14,337,0.1092,0.447
Inconel,94.28,8.26,198,115,962,0.1487,1.0
Ceramic,92.11,3.95,680,103,939,0.2704,0.992
Tungsten,95.44,19.28,261,89,694,0.168,0.859
PTFE,8.73,2.15,730,119,939,1.4859,1.0
Magnesium,33.73,1.62,350,95,523,0.2668,1.0
Copper,38.67,8.88,542,142,724,0.4008,1.0
Tungsten,99.03,19.16,371,181,797,0.2649,1.0
Steel,65.75,7.82,299,189,917,0.2638,1.0
Inconel,86.87,8.4,440,127,371,0.2566,1.0
Copper,39.95,8.89,132,106,736,0.1806,1.0
CastIron,83.07,7.4,755,43,930,0.0918,0.6194
CastIron,80.89,7.01,268,36,631,0.0509,0.4716
Magnesium,38.23,1.64,208,112,674,0.2788,1.0
Titanium,86.29,4.54,534,24,318,0.1934,0.3224
Ceramic,86.67,3.92,672,135,804,0.234,1.0
Steel,66.19,7.88,659,129,670,0.3705,1.0
Inconel,83.37,8.49,527,192,560,0.4567,1.0
Steel,73.79,7.79,275,66,62,0.6771,0.849
Nickel,66.28,8.87,645,124,385,0.5601,1.0
Titanium,85.83,4.44,630,125,781,0.1704,1.0
Bronze,60.76,8.81,500,20,318,0.124,0.3551
Copper,39.54,9.0,553,99,513,0.3701,1.0
Tungsten,98.15,19.34,385,8,467,0.1657,0.3377
Copper,45.33,8.9,627,200,828,0.5531,1.0
PTFE,14.09,2.23,729,156,960,1.223,1.0
Steel,74.55,7.77,700,54,742,0.1845,0.8134
Inconel,80.84,8.46,178,123,293,0.3121,1.0
Steel,66.32,7.73,335,102,597,0.1821,1.0
Aluminum,46.78,2.64,107,35,954,0.1638,0.7936
Tungsten,92.62,19.31,612,17,402,0.0812,0.33
Nickel,67.66,8.79,458,66,274,0.3045,1.0
Brass,50.16,8.59,247,191,705,0.1895,1.0
PTFE,12.91,2.26,687,187,755,1.7374,1.0
Brass,53.36,8.38,26,15,554,0.0538,0.3131
Steel,72.35,7.71,233,16,61,0.1647,0.3472
Ceramic,96.44,3.96,360,8,541,0.0922,0.2898
Nickel,61.4,8.77,109,164,606,0.2236,1.0
Tungsten,97.81,19.14,330,116,806,0.1367,1.0
Tungsten,95.34,19.14,695,150,764,0.2705,1.0
CastIron,87.16,7.16,554,186,329,0.5983,1.0
Aluminum,48.45,2.6,31,113,625,0.1517,1.0
Tungsten,96.74,19.17,756,194,781,0.4022,1.0
Zinc,31.22,7.03,703,35,555,0.2062,0.9104
Zinc,30.27,7.18,455,52,198,0.6562,1.0
PTFE,9.1,2.27,651,16,557,0.3168,1.0
Steel,80.61,7.85,248,163,445,0.323,1.0
PTFE,9.19,2.23,178,52,643,0.2138,1.0
Bronze,60.8,8.88,413,17,191,0.2513,0.49
Zinc,39.23,7.04,375,58,719,0.2527,1.0
Titanium,77.24,4.44,85,178,413,0.0906,1.0
Bronze,71.9,8.9,449,186,540,0.3864,1.0
Inconel,91.14,8.32,739,124,316,0.5657,1.0
Copper,53.68,8.92,29,41,469,0.0965,0.7499
Magnesium,34.88,1.9,679,167,123,3.4032,1.0
Aluminum,48.78,2.61,141,49,682,0.0643,0.826
Ceramic,97.96,3.87,537,195,837,0.1735,1.0
CastIron,73.03,7.38,393,133,653,0.1476,1.0
Inconel,84.75,8.36,151,163,847,0.1728,1.0
Steel,76.94,7.8,381,157,248,0.502,1.0
Zinc,31.59,7.19,511,42,799,0.184,1.0
Nickel,70.74,8.88,32,98,314,0.1797,1.0
Titanium,92.88,4.49,56,197,745,0.1854,1.0
Brass,60.18,8.46,789,197,690,0.6128,1.0
Copper,42.9,8.94,427,130,621,0.2741,1.0
Brass,53.87,8.35,230,168,280,0.4599,1.0
Aluminum,51.43,2.65,589,62,265,0.4241,0.9715
Graphite,21.69,1.93,132,9,776,0.0202,0.3902
CastIron,88.84,7.08,742,186,853,0.3645,1.0
Brass,50.66,8.4,283,22,738,0.0866,0.4954
Zinc,36.02,7.02,228,152,66,1.8716,1.0
Graphite,20.7,1.99,620,187,92,7.7867,1.0
CastIron,71.66,7.27,774,106,712,0.3998,1.0
Titanium,75.06,4.57,478,147,144,1.0111,1.0
PTFE,10.92,2.18,726,107,950,1.0173,1.0
Steel,76.07,7.82,268,68,445,0.2148,0.7669
Brass,48.3,8.36,671,43,528,0.3101,0.6462
Titanium,82.43,4.42,775,96,726,0.3537,0.869
Brass,56.95,8.46,454,76,103,0.7581,1.0
Magnesium,32.66,1.67,651,34,512,0.2123,1.0
CastIron,81.5,7.13,293,7,646,0.0784,0.2854
Magnesium,34.04,1.81,466,113,862,0.3782,1.0
Inconel,87.39,8.5,227,163,78,0.759,1.0
Nickel,73.27,8.71,521,30,763,0.1435,0.3907
Graphite,22.88,1.91,80,74,650,0.1725,1.0
Magnesium,44.03,1.68,328,37,907,0.1989,0.8165
Magnesium,42.23,1.77,400,105,321,0.4583,1.0
Nickel,64.5,8.83,412,28,590,0.1957,0.3565
Aluminum,42.81,2.69,57,94,363,0.1098,1.0
Titanium,94.95,4.5,263,196,582,0.2685,1.0
Magnesium,41.53,1.77,320,116,862,0.2376,1.0
Ceramic,95.51,3.89,584,31,200,0.2449,0.3307
Bronze,55.89,8.88,317,58,442,0.1132,0.9117
Tungsten,97.92,19.15,254,86,732,0.0707,0.9086
Ceramic,85.27,3.96,463,63,430,0.2338,0.6109
Graphite,20.77,1.98,544,157,80,6.494,1.0
Aluminum,43.1,2.79,647,126,993,0.2871,1.0
Graphite,11.78,1.93,419,96,710,0.7519,1.0
Nickel,70.19,8.74,144,28,561,0.0651,0.5635
Ceramic,94.69,3.75,557,173,290,0.5863,1.0
Titanium,94.71,4.58,739,55,634,0.0985,0.6437
Ceramic,99.27,3.9,566,196,855,0.3193,1.0
Graphite,21.84,1.84,505,52,452,0.5015,1.0
CastIron,75.47,7.3,258,132,566,0.2955,1.0
Nickel,66.01,8.77,69,41,380,0.1893,0.4739
PTFE,8.7,2.12,484,173,742,1.7578,1.0
Aluminum,49.92,2.74,340,106,833,0.2202,1.0
Aluminum,43.74,2.69,218,129,119,0.7269,1.0
Graphite,17.93,2.17,725,70,138,2.6163,1.0
Tungsten,99.98,19.07,607,164,344,0.4849,1.0
Inconel,96.68,8.41,67,143,496,0.0665,1.0
PTFE,9.42,2.15,74,99,139,0.7843,1.0
Aluminum,56.06,2.68,744,34,226,0.3851,0.7156
PTFE,10.28,2.27,388,185,843,1.0644,1.0
Titanium,76.81,4.52,278,65,203,0.3128,0.7134
PTFE,12.56,2.26,683,77,526,1.0872,1.0
Zinc,26.73,7.11,387,137,940,0.3077,1.0
PTFE,5.1,2.2,647,55,900,1.0573,1.0
Brass,63.53,8.53,618,187,561,0.5079,1.0
Titanium,88.04,4.57,250,103,643,0.2241,0.9153
Tungsten,94.78,19.22,593,104,667,0.1481,0.8438
Aluminum,54.66,2.74,619,129,559,0.4496,1.0
Brass,62.86,8.63,50,198,668,0.0774,1.0
Inconel,88.18,8.13,128,50,362,0.0803,0.6617
Copper,41.12,8.86,314,190,476,0.5161,1.0
Titanium,88.94,4.6,369,123,943,0.2652,1.0
Graphite,15.95,2.17,146,59,903,0.1413,1.0
Ceramic,92.26,3.89,208,185,617,0.2717,1.0
Inconel,93.4,8.21,77,116,307,0.1309,1.0
Bronze,51.41,8.75,708,174,385,0.8632,1.0
Graphite,21.93,2.17,67,39,543,0.1008,1.0
Copper,45.5,8.88,442,26,499,0.126,0.5749
Aluminum,56.95,2.69,27,183,676,0.0753,1.0
Graphite,17.66,1.96,597,106,178,2.6767,1.0
Aluminum,44.51,2.62,592,41,764,0.1999,0.8786
Ceramic,98.19,3.89,295,42,645,0.1079,0.4445
Graphite,20.54,2.11,77,81,937,0.2032,1.0
Steel,72.22,7.85,74,130,996,0.0677,1.0
PTFE,14.54,2.11,608,17,677,0.2824,0.9097
Copper,52.1,8.86,641,125,570,0.4657,1.0
Ceramic,85.35,3.67,599,140,246,0.6807,1.0
Nickel,61.41,8.75,776,21,226,0.3016,0.3187
Zinc,32.8,7.12,379,90,599,0.3131,1.0
Magnesium,33.14,1.75,187,124,615,0.207,1.0
Inconel,83.68,8.47,310,17,546,0.0702,0.1951
Ceramic,85.02,3.74,773,167,479,0.5778,1.0
Titanium,84.19,4.44,621,7,828,0.0812,0.1314
PTFE,10.12,2.13,520,72,823,0.7268,1.0
Zinc,36.84,7.09,541,46,198,0.5817,0.8955
Zinc,34.34,7.14,398,67,941,0.1727,1.0
Steel,72.3,7.83,595,117,860,0.2414,1.0
Bronze,54.19,8.68,736,25,994,0.2286,0.4226
Magnesium,33.18,1.63,596,196,146,3.1184,1.0
Brass,64.39,8.66,126,140,592,0.1613,1.0
Brass,58.76,8.42,123,141,535,0.1873,1.0
Ceramic,88.58,3.65,565,35,187,0.1696,0.5589
Nickel,64.18,8.82,630,79,158,0.6268,0.9726
Aluminum,56.99,2.72,326,141,454,0.2452,1.0
Brass,46.18,8.33,779,21,507,0.111,0.5107
Bronze,56.96,8.83,116,182,737,0.2265,1.0
Ceramic,90.52,3.6,63,153,286,0.086,1.0
Nickel,74.51,8.77,730,38,701,0.1821,0.457
Graphite,19.01,2.03,345,105,918,0.2752,1.0
PTFE,13.3,2.24,543,190,426,2.2975,1.0
Steel,71.91,7.76,163,95,287,0.1474,1.0
Inconel,86.68,8.28,351,92,675,0.1064,0.822
Titanium,94.34,4.46,744,151,445,0.5098,1.0
Nickel,71.46,8.9,484,154,539,0.3546,1.0
Brass,60.93,8.54,526,162,306,0.6373,1.0
CastIron,76.66,7.12,715,175,97,2.1582,1.0
PTFE,9.97,2.16,602,196,632,2.4921,1.0
Magnesium,36.05,1.71,145,6,143,0.0682,0.2221
Tungsten,98.33,19.34,36,126,166,0.1644,1.0
Inconel,88.08,8.45,780,115,791,0.3262,1.0
Steel,72.13,7.73,311,199,252,0.5552,1.0
Inconel,95.26,8.39,294,34,904,0.0305,0.4139
Aluminum,54.74,2.69,634,9,833,0.2143,0.4388
Zinc,36.26,7.11,34,150,341,0.1409,1.0
Copper,41.93,8.82,169,189,843,0.2406,1.0
Bronze,64.66,8.67,520,68,120,0.6857,0.8952
Magnesium,40.37,1.7,765,178,60,7.0554,1.0
Inconel,81.36,8.13,483,199,146,1.081,1.0
Steel,71.13,7.82,778,163,88,2.6788,1.0
Inconel,91.23,8.32,550,23,295,0.0931,0.3048
Nickel,79.68,8.82,170,9,821,0.1139,0.2463
PTFE,9.3,2.27,314,111,666,0.7427,1.0
Nickel,63.08,8.87,458,44,555,0.1585,0.6284
Copper,46.03,8.88,359,118,654,0.191,1.0
CastIron,81.6,7.15,195,132,507,0.2122,1.0
Ceramic,92.76,3.99,634,26,304,0.2163,0.4149
Tungsten,93.26,19.3,176,200,113,0.4801,1.0
Aluminum,53.01,2.79,108,193,339,0.1708,1.0
Titanium,89.5,4.43,515,52,779,0.1018,0.4687
CastIron,72.25,7.13,216,100,744,0.1534,1.0
Graphite,24.55,2.05,570,150,434,1.1312,1.0
Bronze,70.58,8.71,597,176,179,1.1714,1.0
Aluminum,43.36,2.65,388,180,510,0.5237,1.0
Copper,40.54,8.86,639,139,791,0.3697,1.0
Aluminum,54.48,2.67,537,145,190,1.0444,1.0
Aluminum,53.38,2.71,504,38,443,0.2314,0.7235
Aluminum,53.06,2.73,670,62,380,0.4135,0.8845
Titanium,83.02,4.46,575,42,667,0.0951,0.5605
Magnesium,32.09,1.71,622,91,957,0.3055,1.0
Copper,41.73,8.86,272,169,325,0.5805,1.0
CastIron,77.39,7.12,126,81,561,0.206,0.8255
Nickel,64.5,8.84,785,159,755,0.3546,1.0
Inconel,85.83,8.4,453,154,547,0.3748,1.0
CastIron,83.93,7.18,509,191,783,0.3672,1.0
Inconel,84.35,8.18,484,117,782,0.2152,1.0
Ceramic,91.07,3.67,106,70,621,0.0305,0.7844
Inconel,83.03,8.23,207,99,830,0.1866,0.8837
Inconel,92.9,8.13,720,140,503,0.3198,1.0
Copper,53.06,8.97,88,157,555,0.1025,1.0
Steel,76.45,7.88,777,97,891,0.2384,1.0
Copper,38.98,8.95,672,195,72,6.0052,1.0
CastIron,77.92,7.38,334,190,794,0.1923,1.0
CastIron,87.58,7.27,334,8,414,0.0286,0.1359
Bronze,73.86,8.88,258,153,991,0.1111,1.0
Nickel,64.21,8.72,160,37,556,0.0809,0.6607
Ceramic,96.83,3.65,792,117,162,0.9323,0.956
Inconel,89.56,8.12,248,18,97,0.2342,0.2385
CastIron,82.59,7.32,428,154,634,0.2635,1.0
Bronze,65.9,8.64,756,49,703,0.2935,0.7187
Magnesium,39.42,1.68,320,149,494,0.4924,1.0
Tungsten,93.06,19.24,138,6,426,0.0256,0.1554
PTFE,9.91,2.15,110,191,359,0.9081,1.0
Steel,83.74,7.84,600,78,830,0.2358,0.8462
Magnesium,40.09,1.86,460,24,304,0.2366,0.5652
Nickel,62.12,8.88,121,121,626,0.0877,1.0
Copper,54.98,8.9,619,25,359,0.2839,0.6155
Bronze,56.0,8.74,440,179,124,1.5882,1.0
Inconel,93.91,8.29,494,48,971,0.1431,0.6595
CastIron,74.38,7.05,442,195,998,0.2647,1.0
Nickel,62.7,8.71,775,59,148,0.6303,0.6962
Tungsten,97.45,19.0,427,111,643,0.2521,0.8566
Copper,45.19,8.84,526,164,926,0.2818,1.0
PTFE,9.09,2.24,298,178,50,14.6042,1.0
Steel,75.26,7.88,404,25,504,0.2134,0.525
Inconel,91.33,8.36,568,75,792,0.1321,0.71
Brass,53.17,8.4,276,180,401,0.4364,1.0
PTFE,8.02,2.17,321,172,166,5.2123,1.0
Brass,60.22,8.45,750,118,911,0.2545,1.0
Copper,52.76,8.82,621,164,229,1.1389,1.0
Brass,56.19,8.33,87,108,263,0.1789,1.0
Ceramic,98.82,3.81,614,20,271,0.1013,0.4313
Inconel,84.67,8.38,389,194,239,0.5979,1.0
Graphite,15.46,1.96,174,187,886,0.4658,1.0
Aluminum,44.97,2.73,176,20,871,0.1094,0.567
PTFE,13.57,2.14,185,41,301,0.3537,1.0
CastIron,78.41,7.37,202,10,669,0.0378,0.1849
Magnesium,41.29,1.75,409,121,667,0.2588,1.0
Aluminum,50.36,2.75,164,173,916,0.0917,1.0
Brass,57.48,8.35,785,26,898,0.2001,0.5316
Bronze,65.74,8.69,199,107,244,0.1855,1.0
Brass,51.41,8.44,161,62,946,0.1627,1.0
Titanium,80.35,4.48,74,25,539,0.0258,0.3967
Copper,50.56,8.8,68,129,658,0.1794,1.0
Bronze,55.05,8.72,620,107,220,0.7957,1.0
Graphite,17.05,2.02,453,69,885,0.4232,1.0
Ceramic,94.05,3.73,90,199,591,0.121,1.0
Brass,60.49,8.56,724,24,271,0.2665,0.4992
PTFE,11.14,2.29,546,40,643,0.4454,1.0
Steel,67.56,7.85,96,35,878,0.0411,0.5711
Steel,76.0,7.73,444,174,984,0.2571,1.0
Steel,84.75,7.79,457,184,402,0.4698,1.0
Tungsten,92.09,19.32,176,129,252,0.1327,1.0
PTFE,11.34,2.19,782,124,175,6.2224,1.0
Inconel,93.36,8.23,660,111,713,0.3225,0.9831
Copper,39.28,8.98,792,99,57,4.4991,1.0
Nickel,77.61,8.8,608,195,917,0.2556,1.0
Zinc,29.56,7.19,397,79,719,0.2235,1.0
Magnesium,40.51,1.75,535,164,873,0.4307,1.0
Bronze,65.3,8.75,333,78,630,0.2012,1.0
PTFE,6.4,2.1,749,33,810,0.7932,1.0
Nickel,65.7,8.78,729,111,555,0.4043,1.0
Tungsten,95.88,19.3,366,85,234,0.254,0.6733
Steel,78.53,7.89,513,164,332,0.4301,1.0
CastIron,88.54,7.16,589,86,951,0.2302,0.9876
Steel,71.82,7.75,130,193,965,0.1796,1.0
Tungsten,90.14,19.19,307,189,550,0.2284,1.0
Inconel,92.34,8.45,633,154,276,0.601,1.0
Ceramic,98.63,3.71,174,40,808,0.1153,0.4645
Nickel,62.05,8.85,614,109,733,0.3676,1.0
Aluminum,51.35,2.64,474,189,465,0.6129,1.0
Ceramic,91.11,3.79,173,194,751,0.1034,1.0
CastIron,73.63,7.32,367,200,447,0.3949,1.0
Aluminum,51.42,2.68,489,66,363,0.2431,0.989
Zinc,35.45,7.0,222,147,957,0.2019,1.0
Inconel,93.9,8.42,778,51,677,0.1063,0.57
Magnesium,34.13,1.78,129,8,920,0.0428,0.3889
Tungsten,93.27,19.19,219,61,611,0.1193,0.7665
Zinc,29.03,7.0,437,34,702,0.1867,0.9938
Tungsten,90.82,19.04,253,121,393,0.2357,0.9983
Titanium,78.62,4.41,633,12,742,0.1807,0.3183
Titanium,86.26,4.52,414,67,388,0.2438,0.7568
Inconel,92.88,8.11,277,11,746,0.1218,0.202
CastIron,88.28,7.32,457,145,619,0.2833,1.0
Magnesium,39.64,1.7,249,73,846,0.127,1.0
Magnesium,32.62,1.87,670,148,187,2.0552,1.0
Brass,64.77,8.39,624,44,291,0.2519,0.6673
Bronze,60.73,8.64,303,54,686,0.2203,0.9094
Bronze,50.75,8.71,211,86,634,0.1598,1.0
Copper,45.79,8.94,571,188,962,0.3591,1.0
Magnesium,36.68,1.84,653,15,103,0.441,0.3688
CastIron,86.42,7.03,436,112,362,0.258,1.0
CastIron,73.86,7.01,469,167,780,0.3035,1.0
Inconel,93.69,8.15,266,183,757,0.2294,1.0
Ceramic,86.59,3.96,276,118,550,0.2334,1.0
Copper,48.7,8.94,510,53,717,0.1749,1.0
Ceramic,85.42,3.88,143,158,416,0.1803,1.0
Tungsten,91.6,19.06,201,109,143,0.3744,0.9206
Brass,63.92,8.53,574,163,212,1.0535,1.0
Nickel,69.02,8.72,720,40,300,0.2712,0.4468
Graphite,19.88,1.86,244,73,679,0.2285,1.0
Magnesium,38.22,1.62,476,89,356,0.5657,1.0
Nickel,76.9,8.7,636,18,561,0.0494,0.5004
Aluminum,50.69,2.72,28,117,892,0.0301,1.0
Bronze,73.22,8.65,610,199,508,0.4366,1.0
Nickel,62.02,8.83,730,74,962,0.2985,0.9681
Titanium,77.78,4.57,41,111,935,0.1899,1.0
Magnesium,44.9,1.73,198,6,468,0.1001,0.4081
Ceramic,85.54,3.81,243,62,367,0.1857,0.6578
Bronze,63.05,8.81,393,76,842,0.1582,0.9469
Magnesium,40.39,1.71,597,194,629,0.6482,1.0
Zinc,38.1,7.03,450,14,563,0.1814,0.5914
Aluminum,52.66,2.62,419,199,677,0.3213,1.0
Ceramic,96.32,3.69,241,73,450,0.1491,0.7297
Bronze,66.75,8.84,121,156,358,0.1403,1.0
